{
    "metrics": {
        "http_req_sending": {
            "p(95)": 0,
            "avg": 0.008057594400857931,
            "min": 0,
            "med": 0,
            "max": 2.2713,
            "p(90)": 0
        },
        "iterations": {
            "count": 17717,
            "rate": 442.81842246208186
        },
        "vus_max": {
            "value": 500,
            "min": 500,
            "max": 500
        },
        "http_req_duration{expected_response:true}": {
            "avg": 475.42786427724667,
            "min": 0.3626,
            "med": 312.9302,
            "max": 2673.6121,
            "p(90)": 1188.1906,
            "p(95)": 1470.0166800000004
        },
        "data_received": {
            "rate": 4330182.3367152,
            "count": 173248981
        },
        "http_req_waiting": {
            "avg": 196.27335159451377,
            "min": 0.3035,
            "med": 111.471,
            "max": 1892.1701,
            "p(90)": 499.64217999999994,
            "p(95)": 665.3239400000001
        },
        "http_reqs": {
            "count": 17717,
            "rate": 442.81842246208186
        },
        "http_req_failed": {
            "passes": 0,
            "fails": 17717,
            "thresholds": {
                "rate<0.10": false
            },
            "value": 0
        },
        "iteration_duration": {
            "max": 2724.0125,
            "p(90)": 1238.9234199999999,
            "p(95)": 1520.2707400000006,
            "avg": 526.0062809166354,
            "min": 50.5997,
            "med": 363.7343
        },
        "http_req_duration": {
            "max": 2673.6121,
            "p(90)": 1188.1906,
            "p(95)": 1470.0166800000004,
            "avg": 475.42786427724667,
            "min": 0.3626,
            "med": 312.9302
        },
        "http_req_connecting": {
            "avg": 0.008126054072359879,
            "min": 0,
            "med": 0,
            "max": 5.9316,
            "p(90)": 0,
            "p(95)": 0
        },
        "vus": {
            "min": 6,
            "max": 499,
            "value": 6
        },
        "data_sent": {
            "count": 5318157,
            "rate": 132921.93334908155
        },
        "http_req_blocked": {
            "avg": 0.0112957272675961,
            "min": 0,
            "med": 0,
            "max": 8.3913,
            "p(90)": 0,
            "p(95)": 0
        },
        "http_req_tls_handshaking": {
            "avg": 0,
            "min": 0,
            "med": 0,
            "max": 0,
            "p(90)": 0,
            "p(95)": 0
        },
        "http_req_receiving": {
            "avg": 279.1464550883324,
            "min": 0,
            "med": 170.511,
            "max": 1342.9348,
            "p(90)": 757.3922399999998,
            "p(95)": 892.2542
        }
    },
    "root_group": {
        "name": "",
        "path": "",
        "id": "d41d8cd98f00b204e9800998ecf8427e",
        "groups": {},
        "checks": {}
    }
}