{
    "root_group": {
        "groups": {},
        "checks": {
                "status is 200": {
                    "path": "::status is 200",
                    "id": "6210a8cd14cd70477eba5c5e4cb3fb5f",
                    "passes": 240,
                    "fails": 0,
                    "name": "status is 200"
                },
                "saved successfully": {
                    "id": "26eb286e1c12b831451e8b992b490885",
                    "passes": 240,
                    "fails": 0,
                    "name": "saved successfully",
                    "path": "::saved successfully"
                }
            },
        "name": "",
        "path": "",
        "id": "d41d8cd98f00b204e9800998ecf8427e"
    },
    "metrics": {
        "checks": {
            "passes": 480,
            "fails": 0,
            "value": 1
        },
        "http_req_duration": {
            "p(95)": 346.31545,
            "p(99)": 421.55928699999976,
            "avg": 314.00943374999986,
            "min": 297.3081,
            "med": 308.4182,
            "max": 509.8664,
            "p(90)": 328.82265,
            "thresholds": {
                "p(95)<500": false,
                "p(99)<1500": false
            }
        },
        "vus_max": {
            "value": 10,
            "min": 10,
            "max": 10
        },
        "http_req_tls_handshaking": {
            "max": 102.6467,
            "p(90)": 0,
            "p(95)": 0,
            "p(99)": 100.23241099999997,
            "avg": 4.131697916666667,
            "min": 0,
            "med": 0
        },
        "http_req_waiting": {
            "p(95)": 345.78309,
            "p(99)": 420.6653929999997,
            "avg": 313.1559145833333,
            "min": 296.9875,
            "med": 307.88155,
            "max": 505.3907,
            "p(90)": 326.15247999999997
        },
        "data_sent": {
            "count": 125471,
            "rate": 12027.550357404818
        },
        "data_received": {
            "rate": 8158.672828534733,
            "count": 85111
        },
        "http_reqs": {
            "count": 240,
            "rate": 23.006209289613984
        },
        "http_req_failed": {
            "fails": 240,
            "passes": 0,
            "thresholds": {
                "rate<0.01": false
            },
            "value": 0
        },
        "http_req_connecting": {
            "p(95)": 0,
            "p(99)": 67.690356,
            "avg": 2.7950625000000002,
            "min": 0,
            "med": 0,
            "max": 69.8388,
            "p(90)": 0
        },
        "iterations": {
            "rate": 23.006209289613984,
            "count": 240
        },
        "http_req_duration{expected_response:true}": {
            "p(95)": 346.31545,
            "p(99)": 421.55928699999976,
            "avg": 314.00943374999986,
            "min": 297.3081,
            "med": 308.4182,
            "max": 509.8664,
            "p(90)": 328.82265
        },
        "iteration_duration": {
            "p(99)": 618.266787,
            "avg": 422.39395374999987,
            "min": 397.6355,
            "med": 409.11255,
            "max": 633.8998,
            "p(90)": 433.73208,
            "p(95)": 530.2186549999999
        },
        "vus": {
            "value": 10,
            "min": 10,
            "max": 10
        },
        "http_req_receiving": {
            "max": 7.2994,
            "p(90)": 1.8891199999999997,
            "p(95)": 2.905924999999999,
            "p(99)": 3.8524760000000002,
            "avg": 0.737842083333333,
            "min": 0,
            "med": 0.5094000000000001
        },
        "http_req_blocked": {
            "med": 0,
            "max": 185.8684,
            "p(90)": 0,
            "p(95)": 0,
            "p(99)": 185.658931,
            "avg": 7.725060000000001,
            "min": 0
        },
        "http_req_sending": {
            "p(99)": 0.5739629999999997,
            "avg": 0.11567708333333328,
            "min": 0,
            "med": 0,
            "max": 0.6242,
            "p(90)": 0.41858,
            "p(95)": 0.4686099999999998
        }
    }
}