{
    "root_group": {
        "path": "",
        "id": "d41d8cd98f00b204e9800998ecf8427e",
        "groups": {},
        "checks": {
                "status is 200": {
                    "path": "::status is 200",
                    "id": "6210a8cd14cd70477eba5c5e4cb3fb5f",
                    "passes": 7983,
                    "fails": 0,
                    "name": "status is 200"
                },
                "saved successfully": {
                    "fails": 0,
                    "name": "saved successfully",
                    "path": "::saved successfully",
                    "id": "26eb286e1c12b831451e8b992b490885",
                    "passes": 7983
                }
            },
        "name": ""
    },
    "metrics": {
        "http_req_tls_handshaking": {
            "p(95)": 0,
            "p(99)": 378.2907800000004,
            "avg": 14.535261881498181,
            "min": 0,
            "med": 0,
            "max": 2273.2558,
            "p(90)": 0
        },
        "iteration_duration": {
            "p(99)": 1507.4062520000002,
            "avg": 476.4840706501301,
            "min": 396.5002,
            "med": 427.0035,
            "max": 4927.0206,
            "p(90)": 516.34664,
            "p(95)": 661.8087899999995
        },
        "http_reqs": {
            "count": 7983,
            "rate": 512.6763613426225
        },
        "vus_max": {
            "value": 250,
            "min": 250,
            "max": 250
        },
        "http_req_duration": {
            "p(99)": 864.5593960000015,
            "avg": 356.31565529249605,
            "min": 296.0477,
            "med": 326.4335,
            "max": 4269.3841,
            "p(90)": 413.79654,
            "p(95)": 518.4301,
            "thresholds": {
                "p(95)<500": true,
                "p(99)<1500": false
            }
        },
        "http_req_receiving": {
            "avg": 2.758133546285854,
            "min": 0,
            "med": 0.5126,
            "max": 2910.8941,
            "p(90)": 2.37962,
            "p(95)": 3.6054699999999995,
            "p(99)": 7.878452000000029
        },
        "http_req_failed": {
            "fails": 7983,
            "passes": 0,
            "thresholds": {
                "rate<0.01": false
            },
            "value": 0
        },
        "vus": {
            "value": 250,
            "min": 250,
            "max": 250
        },
        "http_req_connecting": {
            "p(99)": 176.8062,
            "avg": 4.577259488913941,
            "min": 0,
            "med": 0,
            "max": 227.4108,
            "p(90)": 0,
            "p(95)": 0
        },
        "data_sent": {
            "count": 4024995,
            "rate": 258489.26356285217
        },
        "http_req_blocked": {
            "p(90)": 0,
            "p(95)": 0,
            "p(99)": 575.0766540000003,
            "avg": 19.64403328322686,
            "min": 0,
            "med": 0,
            "max": 2471.9436
        },
        "http_req_sending": {
            "min": 0,
            "med": 0,
            "max": 1.0602,
            "p(90)": 0,
            "p(95)": 0.35629,
            "p(99)": 0.5511500000000007,
            "avg": 0.03266174370537388
        },
        "iterations": {
            "count": 7983,
            "rate": 512.6763613426225
        },
        "http_req_duration{expected_response:true}": {
            "avg": 356.31565529249605,
            "min": 296.0477,
            "med": 326.4335,
            "max": 4269.3841,
            "p(90)": 413.79654,
            "p(95)": 518.4301,
            "p(99)": 864.5593960000015
        },
        "http_req_waiting": {
            "min": 294.7295,
            "med": 325.5318,
            "max": 4269.3841,
            "p(90)": 412.89230000000003,
            "p(95)": 514.6739699999999,
            "p(99)": 856.986038,
            "avg": 353.5248600025048
        },
        "checks": {
            "passes": 15966,
            "fails": 0,
            "value": 1
        },
        "data_received": {
            "rate": 168842.635201452,
            "count": 2629087
        }
    }
}