{
    "metrics": {
        "checks": {
            "passes": 17944,
            "fails": 4,
            "value": 0.9997771339425006
        },
        "data_received": {
            "count": 3535881,
            "rate": 107858.61730207753
        },
        "http_req_connecting": {
            "p(90)": 0,
            "p(95)": 94.204,
            "p(99)": 262.36799200000024,
            "avg": 10.706965455761079,
            "min": 0,
            "med": 0,
            "max": 2365.0007
        },
        "http_req_tls_handshaking": {
            "med": 0,
            "max": 11334.287,
            "p(90)": 0,
            "p(95)": 309.0529250000004,
            "p(99)": 2006.1724980000013,
            "avg": 72.69037657677737,
            "min": 0
        },
        "vus_max": {
            "value": 500,
            "min": 500,
            "max": 500
        },
        "data_sent": {
            "count": 4917179,
            "rate": 149993.77183983632
        },
        "iterations": {
            "count": 8974,
            "rate": 273.7431581178337
        },
        "http_req_sending": {
            "max": 1.1283,
            "p(90)": 0,
            "p(95)": 0.3955850000000004,
            "p(99)": 0.5716,
            "avg": 0.037565912636505445,
            "min": 0,
            "med": 0
        },
        "iteration_duration": {
            "p(90)": 1543.6608199999998,
            "p(95)": 2144.5228150000003,
            "p(99)": 4326.594880000005,
            "avg": 858.8340201470893,
            "min": 400.2043,
            "med": 550.6367,
            "max": 32769.4901
        },
        "http_req_waiting": {
            "max": 10780.1512,
            "p(90)": 772.0338,
            "p(95)": 1189.4966000000004,
            "p(99)": 2307.146873000001,
            "avg": 552.9165100624017,
            "min": 0,
            "med": 436.65665
        },
        "http_req_receiving": {
            "p(90)": 628.5358199999997,
            "p(95)": 895.6492350000005,
            "p(99)": 1693.5329930000073,
            "avg": 113.67718951415188,
            "min": 0,
            "med": 0.51385,
            "max": 9111.347
        },
        "http_req_failed": {
            "passes": 2,
            "fails": 8972,
            "thresholds": {
                "rate<0.01": false
            },
            "value": 0.00022286605749944285
        },
        "http_req_duration{expected_response:true}": {
            "max": 10780.1512,
            "p(90)": 1283.8338300000003,
            "p(95)": 1593.067515,
            "p(99)": 2931.4850869999786,
            "avg": 666.7798680896138,
            "min": 299.8411,
            "med": 448.8195
        },
        "vus": {
            "value": 1,
            "min": 1,
            "max": 500
        },
        "http_req_duration": {
            "min": 0,
            "med": 448.80545,
            "max": 10780.1512,
            "p(90)": 1283.7824899999998,
            "p(95)": 1593.059245,
            "p(99)": 2931.03768100001,
            "avg": 666.6312654891927,
            "thresholds": {
                "p(95)<500": true,
                "p(99)<1500": true
            }
        },
        "http_reqs": {
            "count": 8974,
            "rate": 273.7431581178337
        },
        "http_req_blocked": {
            "min": 0,
            "med": 0,
            "max": 11463.171,
            "p(90)": 0,
            "p(95)": 458.31054500000016,
            "p(99)": 2325.7411460000003,
            "avg": 84.48925020057948
        }
    },
    "root_group": {
        "name": "",
        "path": "",
        "id": "d41d8cd98f00b204e9800998ecf8427e",
        "groups": {},
        "checks": {
                "status is 200": {
                    "name": "status is 200",
                    "path": "::status is 200",
                    "id": "6210a8cd14cd70477eba5c5e4cb3fb5f",
                    "passes": 8972,
                    "fails": 2
                },
                "saved successfully": {
                    "id": "26eb286e1c12b831451e8b992b490885",
                    "passes": 8972,
                    "fails": 2,
                    "name": "saved successfully",
                    "path": "::saved successfully"
                }
            }
    }
}