{
    "root_group": {
        "name": "",
        "path": "",
        "id": "d41d8cd98f00b204e9800998ecf8427e",
        "groups": {},
        "checks": {
                "status is 200": {
                    "name": "status is 200",
                    "path": "::status is 200",
                    "id": "6210a8cd14cd70477eba5c5e4cb3fb5f",
                    "passes": 8830,
                    "fails": 2
                },
                "saved successfully": {
                    "name": "saved successfully",
                    "path": "::saved successfully",
                    "id": "26eb286e1c12b831451e8b992b490885",
                    "passes": 8830,
                    "fails": 2
                }
            }
    },
    "metrics": {
        "data_sent": {
            "count": 4853566,
            "rate": 147930.92542956944
        },
        "iteration_duration": {
            "p(99)": 4473.5792230000725,
            "avg": 878.3461910892278,
            "min": 404.8444,
            "med": 578.26985,
            "max": 32802.7774,
            "p(90)": 1496.2733100000003,
            "p(95)": 2158.112055
        },
        "checks": {
            "fails": 4,
            "passes": 17660,
            "value": 0.9997735507246377
        },
        "http_req_tls_handshaking": {
            "avg": 94.57439457653987,
            "min": 0,
            "med": 0,
            "max": 10696.933,
            "p(90)": 0,
            "p(95)": 299.4672,
            "p(99)": 2944.530726000005
        },
        "http_req_sending": {
            "avg": 0.021665296648550724,
            "min": 0,
            "med": 0,
            "max": 1.0022,
            "p(90)": 0,
            "p(95)": 0,
            "p(99)": 0.5372
        },
        "iterations": {
            "count": 8832,
            "rate": 269.1888671945446
        },
        "vus_max": {
            "value": 500,
            "min": 500,
            "max": 500
        },
        "http_req_receiving": {
            "p(95)": 777.8835899999988,
            "p(99)": 1247.5101490000002,
            "avg": 77.81376217164839,
            "min": 0,
            "med": 0.51435,
            "max": 9829.1686,
            "p(90)": 5.749130000000001
        },
        "http_req_connecting": {
            "p(95)": 96.086,
            "p(99)": 264.1982,
            "avg": 11.30265747282611,
            "min": 0,
            "med": 0,
            "max": 7241.3527,
            "p(90)": 0
        },
        "data_received": {
            "count": 3504306,
            "rate": 106807.08360994632
        },
        "http_req_waiting": {
            "p(90)": 920.72194,
            "p(95)": 1175.3683599999997,
            "p(99)": 2199.1433140000004,
            "avg": 585.8581871150403,
            "min": 0,
            "med": 461.90700000000004,
            "max": 7844.0252
        },
        "http_req_duration": {
            "p(90)": 1205.18747,
            "p(95)": 1481.3442349999998,
            "p(99)": 2511.9043020000095,
            "avg": 663.6936145833332,
            "min": 0,
            "med": 475.25185,
            "max": 10361.9921,
            "thresholds": {
                "p(95)<500": true,
                "p(99)<1500": true
            }
        },
        "http_reqs": {
            "count": 8832,
            "rate": 269.1888671945446
        },
        "http_req_blocked": {
            "min": 0,
            "med": 0,
            "max": 16227.3918,
            "p(90)": 0,
            "p(95)": 408.97269999999315,
            "p(99)": 3155.0319710000003,
            "avg": 106.7227150928441
        },
        "vus": {
            "value": 2,
            "min": 2,
            "max": 500
        },
        "http_req_failed": {
            "passes": 2,
            "fails": 8830,
            "thresholds": {
                "rate<0.01": false
            },
            "value": 0.00022644927536231884
        },
        "http_req_duration{expected_response:true}": {
            "p(95)": 1481.352465,
            "p(99)": 2512.2788179999834,
            "avg": 663.8439415628537,
            "min": 304.6618,
            "med": 475.29595,
            "max": 10361.9921,
            "p(90)": 1205.2616600000001
        }
    }
}