{
    "root_group": {
        "groups": {},
        "checks": {
                "status is 200": {
                    "fails": 0,
                    "name": "status is 200",
                    "path": "::status is 200",
                    "id": "6210a8cd14cd70477eba5c5e4cb3fb5f",
                    "passes": 1188
                },
                "saved successfully": {
                    "name": "saved successfully",
                    "path": "::saved successfully",
                    "id": "26eb286e1c12b831451e8b992b490885",
                    "passes": 1188,
                    "fails": 0
                }
            },
        "name": "",
        "path": "",
        "id": "d41d8cd98f00b204e9800998ecf8427e"
    },
    "metrics": {
        "data_sent": {
            "count": 622054,
            "rate": 58756.54476447273
        },
        "vus": {
            "value": 50,
            "min": 50,
            "max": 50
        },
        "http_req_duration{expected_response:true}": {
            "avg": 322.8971471380476,
            "min": 294.5301,
            "med": 308.93809999999996,
            "max": 1026.5602,
            "p(90)": 337.39105,
            "p(95)": 378.70340499999975,
            "p(99)": 758.0252469999999
        },
        "http_req_duration": {
            "p(90)": 337.39105,
            "p(95)": 378.70340499999975,
            "p(99)": 758.0252469999999,
            "avg": 322.8971471380476,
            "min": 294.5301,
            "med": 308.93809999999996,
            "max": 1026.5602,
            "thresholds": {
                "p(95)<500": false,
                "p(99)<1500": false
            }
        },
        "http_req_blocked": {
            "avg": 7.702848232323233,
            "min": 0,
            "med": 0,
            "max": 219.1477,
            "p(90)": 0,
            "p(95)": 0,
            "p(99)": 196.06360999999973
        },
        "checks": {
            "passes": 2376,
            "fails": 0,
            "value": 1
        },
        "http_reqs": {
            "count": 1188,
            "rate": 112.21336922549104
        },
        "http_req_sending": {
            "avg": 0.08346010101010108,
            "min": 0,
            "med": 0,
            "max": 0.7972,
            "p(90)": 0.39576999999999984,
            "p(95)": 0.506895,
            "p(99)": 0.605865
        },
        "http_req_receiving": {
            "p(90)": 1.8600199999999998,
            "p(95)": 2.791884999999997,
            "p(99)": 6.404331999999917,
            "avg": 1.2326630471380473,
            "min": 0,
            "med": 0.3462,
            "max": 230.2776
        },
        "data_received": {
            "count": 422984,
            "rate": 39953.24896336288
        },
        "iteration_duration": {
            "avg": 431.17274755892254,
            "min": 394.6797,
            "med": 409.5532,
            "max": 1127.6316,
            "p(90)": 464.23826999999994,
            "p(95)": 605.1137849999999,
            "p(99)": 858.1049699999999
        },
        "http_req_connecting": {
            "p(99)": 78.05350299999994,
            "avg": 3.0863303030303033,
            "min": 0,
            "med": 0,
            "max": 84.4666,
            "p(90)": 0,
            "p(95)": 0
        },
        "iterations": {
            "count": 1188,
            "rate": 112.21336922549104
        },
        "vus_max": {
            "value": 50,
            "min": 50,
            "max": 50
        },
        "http_req_failed": {
            "fails": 1188,
            "passes": 0,
            "thresholds": {
                "rate<0.01": false
            },
            "value": 0
        },
        "http_req_tls_handshaking": {
            "p(99)": 102.70190699999979,
            "avg": 3.984857659932661,
            "min": 0,
            "med": 0,
            "max": 119.9798,
            "p(90)": 0,
            "p(95)": 0
        },
        "http_req_waiting": {
            "p(99)": 602.7096979999799,
            "avg": 321.5810239898992,
            "min": 294.1366,
            "med": 308.15245,
            "max": 1026.0188,
            "p(90)": 336.8451,
            "p(95)": 372.50329999999997
        }
    }
}