{
    "metrics": {
        "http_req_waiting": {
            "p(95)": 384.066995,
            "p(99)": 477.23702400000013,
            "avg": 315.0399517976587,
            "min": 291.1042,
            "med": 306.70655,
            "max": 717.29,
            "p(90)": 323.79807000000005
        },
        "data_received": {
            "count": 850047,
            "rate": 81476.92278907845
        },
        "http_req_duration": {
            "avg": 315.76504694816043,
            "min": 294.1828,
            "med": 307.4576,
            "max": 717.29,
            "p(90)": 324.46494,
            "p(95)": 384.623695,
            "p(99)": 478.77774000000005,
            "thresholds": {
                "p(95)<500": false,
                "p(99)<1500": false
            }
        },
        "http_req_failed": {
            "passes": 0,
            "fails": 2392,
            "thresholds": {
                "rate<0.01": false
            },
            "value": 0
        },
        "http_req_duration{expected_response:true}": {
            "med": 307.4576,
            "max": 717.29,
            "p(90)": 324.46494,
            "p(95)": 384.623695,
            "p(99)": 478.77774000000005,
            "avg": 315.76504694816043,
            "min": 294.1828
        },
        "http_req_receiving": {
            "med": 0.44930000000000003,
            "max": 13.9454,
            "p(90)": 1.7415400000000014,
            "p(95)": 2.521045,
            "p(99)": 4.811018000000002,
            "avg": 0.6679880434782612,
            "min": 0
        },
        "http_reqs": {
            "count": 2392,
            "rate": 229.27296880228462
        },
        "data_sent": {
            "count": 1251191,
            "rate": 119926.53641668032
        },
        "http_req_sending": {
            "med": 0,
            "max": 0.7317,
            "p(90)": 0.34638,
            "p(95)": 0.5063249999999999,
            "p(99)": 0.5842980000000003,
            "avg": 0.05710710702341138,
            "min": 0
        },
        "http_req_tls_handshaking": {
            "med": 0,
            "max": 182.3267,
            "p(90)": 0,
            "p(95)": 0,
            "p(99)": 142.6179410000004,
            "avg": 5.066057107023411,
            "min": 0
        },
        "iterations": {
            "count": 2392,
            "rate": 229.27296880228462
        },
        "iteration_duration": {
            "med": 408.0067,
            "max": 871.7272,
            "p(90)": 425.15186,
            "p(95)": 598.8755799999994,
            "p(99)": 766.5672450000004,
            "avg": 425.6255790969898,
            "min": 394.686
        },
        "http_req_connecting": {
            "avg": 3.5348352842809376,
            "min": 0,
            "med": 0,
            "max": 105.3253,
            "p(90)": 0,
            "p(95)": 0,
            "p(99)": 95.630812
        },
        "vus": {
            "value": 100,
            "min": 100,
            "max": 100
        },
        "vus_max": {
            "value": 100,
            "min": 100,
            "max": 100
        },
        "checks": {
            "passes": 4784,
            "fails": 0,
            "value": 1
        },
        "http_req_blocked": {
            "avg": 9.31946555183946,
            "min": 0,
            "med": 0,
            "max": 304.7665,
            "p(90)": 0,
            "p(95)": 0,
            "p(99)": 255.88203300000035
        }
    },
    "root_group": {
        "groups": {},
        "checks": {
                "status is 200": {
                    "name": "status is 200",
                    "path": "::status is 200",
                    "id": "6210a8cd14cd70477eba5c5e4cb3fb5f",
                    "passes": 2392,
                    "fails": 0
                },
                "saved successfully": {
                    "name": "saved successfully",
                    "path": "::saved successfully",
                    "id": "26eb286e1c12b831451e8b992b490885",
                    "passes": 2392,
                    "fails": 0
                }
            },
        "name": "",
        "path": "",
        "id": "d41d8cd98f00b204e9800998ecf8427e"
    }
}