{
    "metrics": {
        "checks": {
            "passes": 480,
            "fails": 0,
            "value": 1
        },
        "data_sent": {
            "rate": 11674.599728374826,
            "count": 125480
        },
        "iteration_duration": {
            "avg": 425.62310374999987,
            "min": 399.9558,
            "med": 413.57079999999996,
            "max": 767.0373,
            "p(90)": 436.87301999999994,
            "p(95)": 577.1005749999999,
            "p(99)": 597.9924
        },
        "vus_max": {
            "max": 10,
            "value": 10,
            "min": 10
        },
        "http_req_sending": {
            "min": 0,
            "med": 0,
            "max": 0.7797,
            "p(90)": 0.4424699999999999,
            "p(95)": 0.5136099999999999,
            "p(99)": 0.5756229999999994,
            "avg": 0.12350583333333336
        },
        "http_reqs": {
            "count": 240,
            "rate": 22.32948625127477
        },
        "http_req_tls_handshaking": {
            "min": 0,
            "med": 0,
            "max": 91.3025,
            "p(90)": 0,
            "p(95)": 0,
            "p(99)": 89.7676,
            "avg": 3.665597083333333
        },
        "http_req_waiting": {
            "p(95)": 340.42927999999995,
            "p(99)": 472.3930559999999,
            "avg": 316.6772766666667,
            "min": 298.0217,
            "med": 311.207,
            "max": 664.436,
            "p(90)": 324.94286
        },
        "data_received": {
            "rate": 7925.572026311839,
            "count": 85185
        },
        "http_req_duration{expected_response:true}": {
            "p(99)": 474.5454699999999,
            "avg": 317.7067033333335,
            "min": 299.0136,
            "med": 312.5202,
            "max": 666.5753,
            "p(90)": 325.66065,
            "p(95)": 340.42927999999995
        },
        "http_req_blocked": {
            "p(99)": 174.67986699999997,
            "avg": 7.2711629166666665,
            "min": 0,
            "med": 0,
            "max": 174.8962,
            "p(90)": 0,
            "p(95)": 0
        },
        "http_req_receiving": {
            "min": 0,
            "med": 0.55755,
            "max": 6.5933,
            "p(90)": 2.54625,
            "p(95)": 3.384124999999996,
            "p(99)": 5.73581499999999,
            "avg": 0.9059208333333332
        },
        "iterations": {
            "count": 240,
            "rate": 22.32948625127477
        },
        "http_req_connecting": {
            "max": 68.8866,
            "p(90)": 0,
            "p(95)": 0,
            "p(99)": 67.58117499999999,
            "avg": 2.7533400000000006,
            "min": 0,
            "med": 0
        },
        "http_req_duration": {
            "max": 666.5753,
            "p(90)": 325.66065,
            "p(95)": 340.42927999999995,
            "p(99)": 474.5454699999999,
            "avg": 317.7067033333335,
            "min": 299.0136,
            "med": 312.5202,
            "thresholds": {
                "p(95)<500": false,
                "p(99)<1500": false
            }
        },
        "http_req_failed": {
            "passes": 0,
            "fails": 240,
            "thresholds": {
                "rate<0.01": false
            },
            "value": 0
        },
        "vus": {
            "value": 10,
            "min": 10,
            "max": 10
        }
    },
    "root_group": {
        "path": "",
        "id": "d41d8cd98f00b204e9800998ecf8427e",
        "groups": {},
        "checks": {
                "status is 200": {
                    "path": "::status is 200",
                    "id": "6210a8cd14cd70477eba5c5e4cb3fb5f",
                    "passes": 240,
                    "fails": 0,
                    "name": "status is 200"
                },
                "saved successfully": {
                    "passes": 240,
                    "fails": 0,
                    "name": "saved successfully",
                    "path": "::saved successfully",
                    "id": "26eb286e1c12b831451e8b992b490885"
                }
            },
        "name": ""
    }
}