{
    "metrics": {
        "http_reqs": {
            "count": 9011,
            "rate": 261.0116199789457
        },
        "http_req_connecting": {
            "max": 15208.1161,
            "p(90)": 0,
            "p(95)": 87.6726,
            "p(99)": 271.3831,
            "avg": 12.10899941182999,
            "min": 0,
            "med": 0
        },
        "http_req_duration": {
            "avg": 646.1363224170451,
            "min": 0,
            "med": 442.8293,
            "max": 30455.1774,
            "p(90)": 1252.281,
            "p(95)": 1537.647,
            "p(99)": 2684.80182,
            "thresholds": {
                "p(95)<500": true,
                "p(99)<1500": true
            }
        },
        "http_req_sending": {
            "max": 1.1296,
            "p(90)": 0,
            "p(95)": 0.4521,
            "p(99)": 0.5935,
            "avg": 0.0427814005104872,
            "min": 0,
            "med": 0
        },
        "http_req_failed": {
            "passes": 2,
            "fails": 9009,
            "thresholds": {
                "rate<0.01": false
            },
            "value": 0.0002219509488403063
        },
        "iteration_duration": {
            "min": 400.5158,
            "med": 545.2584,
            "max": 30455.1774,
            "p(90)": 1488.4832,
            "p(95)": 2107.53475,
            "p(99)": 3870.565179999997,
            "avg": 846.9874217622913
        },
        "http_req_duration{expected_response:true}": {
            "avg": 642.899236752136,
            "min": 299.8048,
            "med": 442.8293,
            "max": 7802.954,
            "p(90)": 1251.54876,
            "p(95)": 1536.4973600000003,
            "p(99)": 2683.739508000001
        },
        "vus": {
            "value": 1,
            "min": 1,
            "max": 500
        },
        "http_req_tls_handshaking": {
            "max": 11748.0219,
            "p(90)": 0,
            "p(95)": 292.3337,
            "p(99)": 2752.844439999993,
            "avg": 85.33255846187988,
            "min": 0,
            "med": 0
        },
        "data_received": {
            "count": 3547781,
            "rate": 102764.62835873089
        },
        "data_sent": {
            "count": 4932867,
            "rate": 142884.8747986552
        },
        "vus_max": {
            "value": 500,
            "min": 500,
            "max": 500
        },
        "http_req_waiting": {
            "p(90)": 734.5208,
            "p(95)": 1120.1874,
            "p(99)": 1951.7331299999967,
            "avg": 542.0300194096079,
            "min": 0,
            "med": 432.6691,
            "max": 7802.954
        },
        "checks": {
            "passes": 18018,
            "fails": 4,
            "value": 0.9997780490511597
        },
        "http_req_blocked": {
            "med": 0,
            "max": 15471.5687,
            "p(90)": 0,
            "p(95)": 426.39914999999996,
            "p(99)": 2976.5446899999956,
            "avg": 97.98952346021534,
            "min": 0
        },
        "http_req_receiving": {
            "p(95)": 875.184,
            "p(99)": 1541.4435499999952,
            "avg": 104.06352160692497,
            "min": 0,
            "med": 0.4896,
            "max": 30071.2324,
            "p(90)": 8.4194
        },
        "iterations": {
            "count": 9011,
            "rate": 261.0116199789457
        }
    },
    "root_group": {
        "name": "",
        "path": "",
        "id": "d41d8cd98f00b204e9800998ecf8427e",
        "groups": {},
        "checks": {
                "status is 200": {
                    "name": "status is 200",
                    "path": "::status is 200",
                    "id": "6210a8cd14cd70477eba5c5e4cb3fb5f",
                    "passes": 9009,
                    "fails": 2
                },
                "saved successfully": {
                    "passes": 9009,
                    "fails": 2,
                    "name": "saved successfully",
                    "path": "::saved successfully",
                    "id": "26eb286e1c12b831451e8b992b490885"
                }
            }
    }
}