{
    "root_group": {
        "id": "d41d8cd98f00b204e9800998ecf8427e",
        "groups": {},
        "checks": {
                "status is 200": {
                    "fails": 0,
                    "name": "status is 200",
                    "path": "::status is 200",
                    "id": "6210a8cd14cd70477eba5c5e4cb3fb5f",
                    "passes": 2377
                },
                "saved successfully": {
                    "name": "saved successfully",
                    "path": "::saved successfully",
                    "id": "26eb286e1c12b831451e8b992b490885",
                    "passes": 2377,
                    "fails": 0
                }
            },
        "name": "",
        "path": ""
    },
    "metrics": {
        "http_req_waiting": {
            "p(99)": 482.457139999998,
            "avg": 317.28775393352936,
            "min": 288.582,
            "med": 307.7685,
            "max": 780.5527,
            "p(90)": 323.8935,
            "p(95)": 408.4498399999998
        },
        "iterations": {
            "count": 2377,
            "rate": 227.4232004194461
        },
        "vus": {
            "value": 100,
            "min": 100,
            "max": 100
        },
        "http_req_receiving": {
            "avg": 0.9080055111485078,
            "min": 0,
            "med": 0.4169,
            "max": 379.574,
            "p(90)": 1.9092200000000001,
            "p(95)": 2.9928799999999955,
            "p(99)": 5.95876399999996
        },
        "data_received": {
            "count": 844984,
            "rate": 80845.16852470562
        },
        "http_req_blocked": {
            "p(99)": 296.3548039999999,
            "avg": 10.512686705931849,
            "min": 0,
            "med": 0,
            "max": 337.2346,
            "p(90)": 0,
            "p(95)": 0
        },
        "http_req_sending": {
            "p(90)": 0.31904000000000016,
            "p(95)": 0.4254,
            "p(99)": 0.5790879999999997,
            "avg": 0.051957803954564556,
            "min": 0,
            "med": 0,
            "max": 0.7879
        },
        "http_req_duration{expected_response:true}": {
            "p(90)": 325.18238,
            "p(95)": 410.36448,
            "p(99)": 490.4734479999997,
            "avg": 318.24771724863285,
            "min": 288.582,
            "med": 308.5236,
            "max": 781.6357
        },
        "http_req_failed": {
            "passes": 0,
            "fails": 2377,
            "thresholds": {
                "rate<0.01": false
            },
            "value": 0
        },
        "iteration_duration": {
            "avg": 429.25521842658844,
            "min": 388.7231,
            "med": 408.9866,
            "max": 1030.6892,
            "p(90)": 425.57636,
            "p(95)": 594.7706799999999,
            "p(99)": 838.8020399999995
        },
        "http_req_tls_handshaking": {
            "min": 0,
            "med": 0,
            "max": 202.9665,
            "p(90)": 0,
            "p(95)": 0,
            "p(99)": 173.40218799999985,
            "avg": 5.965344804375264
        },
        "http_req_duration": {
            "min": 288.582,
            "med": 308.5236,
            "max": 781.6357,
            "p(90)": 325.18238,
            "p(95)": 410.36448,
            "p(99)": 490.4734479999997,
            "avg": 318.24771724863285,
            "thresholds": {
                "p(99)<1500": false,
                "p(95)<500": false
            }
        },
        "http_req_connecting": {
            "min": 0,
            "med": 0,
            "max": 119.7226,
            "p(90)": 0,
            "p(95)": 0,
            "p(99)": 107.55249199999992,
            "avg": 3.9403384097602006
        },
        "checks": {
            "passes": 4754,
            "fails": 0,
            "value": 1
        },
        "data_sent": {
            "count": 1244596,
            "rate": 119078.67292774124
        },
        "http_reqs": {
            "count": 2377,
            "rate": 227.4232004194461
        },
        "vus_max": {
            "min": 100,
            "max": 100,
            "value": 100
        }
    }
}