{
    "root_group": {
        "groups": {},
        "checks": {
                "status is 200": {
                    "name": "status is 200",
                    "path": "::status is 200",
                    "id": "6210a8cd14cd70477eba5c5e4cb3fb5f",
                    "passes": 2379,
                    "fails": 0
                },
                "saved successfully": {
                    "name": "saved successfully",
                    "path": "::saved successfully",
                    "id": "26eb286e1c12b831451e8b992b490885",
                    "passes": 2379,
                    "fails": 0
                }
            },
        "name": "",
        "path": "",
        "id": "d41d8cd98f00b204e9800998ecf8427e"
    },
    "metrics": {
        "http_req_duration{expected_response:true}": {
            "avg": 319.2050685161836,
            "min": 295.2621,
            "med": 310.0646,
            "max": 751.8672,
            "p(90)": 339.01900000000006,
            "p(95)": 386.62487,
            "p(99)": 461.8527879999997
        },
        "http_req_failed": {
            "passes": 0,
            "fails": 2379,
            "thresholds": {
                "rate<0.01": false
            },
            "value": 0
        },
        "iteration_duration": {
            "max": 852.0473,
            "p(90)": 439.3756,
            "p(95)": 566.1568299999996,
            "p(99)": 793.1236559999993,
            "avg": 429.83841736023425,
            "min": 395.4272,
            "med": 410.6089
        },
        "iterations": {
            "count": 2379,
            "rate": 228.29178765059845
        },
        "http_reqs": {
            "count": 2379,
            "rate": 228.29178765059845
        },
        "http_req_tls_handshaking": {
            "p(99)": 178.94120199999983,
            "avg": 5.832377427490543,
            "min": 0,
            "med": 0,
            "max": 213.2514,
            "p(90)": 0,
            "p(95)": 0
        },
        "checks": {
            "passes": 4758,
            "fails": 0,
            "value": 1
        },
        "data_sent": {
            "count": 1245523,
            "rate": 119521.9303194352
        },
        "data_received": {
            "count": 848544,
            "rate": 81427.33361084045
        },
        "vus": {
            "value": 100,
            "min": 100,
            "max": 100
        },
        "vus_max": {
            "value": 100,
            "min": 100,
            "max": 100
        },
        "http_req_blocked": {
            "avg": 10.101733207229925,
            "min": 0,
            "med": 0,
            "max": 337.2885,
            "p(90)": 0,
            "p(95)": 0,
            "p(99)": 292.70468999999963
        },
        "http_req_waiting": {
            "p(99)": 461.24142999999964,
            "avg": 318.42375800756577,
            "min": 293.9098,
            "med": 309.3953,
            "max": 751.196,
            "p(90)": 337.41396000000003,
            "p(95)": 386.31732999999997
        },
        "http_req_receiving": {
            "p(99)": 6.130595999999935,
            "avg": 0.7349221101303063,
            "min": 0,
            "med": 0.341,
            "max": 66.3363,
            "p(90)": 1.817840000000003,
            "p(95)": 2.637199999999999
        },
        "http_req_duration": {
            "med": 310.0646,
            "max": 751.8672,
            "p(90)": 339.01900000000006,
            "p(95)": 386.62487,
            "p(99)": 461.8527879999997,
            "avg": 319.2050685161836,
            "min": 295.2621,
            "thresholds": {
                "p(95)<500": false,
                "p(99)<1500": false
            }
        },
        "http_req_connecting": {
            "p(90)": 0,
            "p(95)": 0,
            "p(99)": 100.04438799999988,
            "avg": 3.691313955443464,
            "min": 0,
            "med": 0,
            "max": 110.3249
        },
        "http_req_sending": {
            "max": 1.0164,
            "p(90)": 0.30600000000000016,
            "p(95)": 0.4050599999999998,
            "p(99)": 0.5577819999999943,
            "avg": 0.04638839848675912,
            "min": 0,
            "med": 0
        }
    }
}