{
    "root_group": {
        "name": "",
        "path": "",
        "id": "d41d8cd98f00b204e9800998ecf8427e",
        "groups": {},
        "checks": {
                "status is 200": {
                    "path": "::status is 200",
                    "id": "6210a8cd14cd70477eba5c5e4cb3fb5f",
                    "passes": 8157,
                    "fails": 0,
                    "name": "status is 200"
                },
                "saved successfully": {
                    "passes": 8157,
                    "fails": 0,
                    "name": "saved successfully",
                    "path": "::saved successfully",
                    "id": "26eb286e1c12b831451e8b992b490885"
                }
            }
    },
    "metrics": {
        "http_req_waiting": {
            "avg": 347.40688238322747,
            "min": 294.4905,
            "med": 329.1514,
            "max": 1028.1336,
            "p(90)": 381.46292000000005,
            "p(95)": 457.58646000000005,
            "p(99)": 830.2118599999994
        },
        "http_req_blocked": {
            "med": 0,
            "max": 1267.7864,
            "p(90)": 0,
            "p(95)": 0,
            "p(99)": 520.2647639999989,
            "avg": 17.46479309795269,
            "min": 0
        },
        "http_req_sending": {
            "med": 0,
            "max": 1.2232,
            "p(90)": 0,
            "p(95)": 0.3665,
            "p(99)": 0.5397759999999998,
            "avg": 0.03319042540149566,
            "min": 0
        },
        "checks": {
            "passes": 16314,
            "fails": 0,
            "value": 1
        },
        "iterations": {
            "count": 8157,
            "rate": 526.6616912406612
        },
        "data_sent": {
            "count": 4102993,
            "rate": 264912.2511375008
        },
        "vus_max": {
            "value": 250,
            "min": 250,
            "max": 250
        },
        "http_reqs": {
            "count": 8157,
            "rate": 526.6616912406612
        },
        "http_req_duration{expected_response:true}": {
            "med": 330.1848,
            "max": 1071.5399,
            "p(90)": 382.3332000000001,
            "p(95)": 459.34124,
            "p(99)": 830.3600519999993,
            "avg": 348.643849993872,
            "min": 295.6721
        },
        "http_req_receiving": {
            "p(99)": 7.4101039999999525,
            "avg": 1.2037771852396713,
            "min": 0,
            "med": 0.5431,
            "max": 458.9805,
            "p(90)": 2.2376200000000006,
            "p(95)": 3.2569799999999995
        },
        "data_received": {
            "count": 2669697,
            "rate": 172370.61874710303
        },
        "http_req_connecting": {
            "avg": 4.268837722201789,
            "min": 0,
            "med": 0,
            "max": 210.8661,
            "p(90)": 0,
            "p(95)": 0,
            "p(99)": 167.8544
        },
        "http_req_tls_handshaking": {
            "med": 0,
            "max": 1042.2793,
            "p(90)": 0,
            "p(95)": 0,
            "p(99)": 328.56967999999927,
            "avg": 12.704178092435944,
            "min": 0
        },
        "iteration_duration": {
            "max": 1873.6794,
            "p(90)": 482.96212,
            "p(95)": 582.0872599999999,
            "p(99)": 1451.5116479999997,
            "avg": 466.60969719259367,
            "min": 395.9856,
            "med": 430.6075
        },
        "http_req_duration": {
            "med": 330.1848,
            "max": 1071.5399,
            "p(90)": 382.3332000000001,
            "p(95)": 459.34124,
            "p(99)": 830.3600519999993,
            "avg": 348.643849993872,
            "min": 295.6721,
            "thresholds": {
                "p(95)<500": false,
                "p(99)<1500": false
            }
        },
        "http_req_failed": {
            "passes": 0,
            "fails": 8157,
            "thresholds": {
                "rate<0.01": false
            },
            "value": 0
        },
        "vus": {
            "value": 250,
            "min": 250,
            "max": 250
        }
    }
}