{
    "metrics": {
        "http_req_tls_handshaking": {
            "max": 92.5303,
            "p(90)": 0,
            "p(95)": 0,
            "p(99)": 90.713735,
            "avg": 3.7473752100840336,
            "min": 0,
            "med": 0
        },
        "checks": {
            "passes": 476,
            "fails": 0,
            "value": 1
        },
        "http_req_failed": {
            "passes": 0,
            "fails": 238,
            "thresholds": {
                "rate<0.01": false
            },
            "value": 0
        },
        "iteration_duration": {
            "p(95)": 572.5044399999999,
            "p(99)": 595.4228,
            "avg": 425.0155810924371,
            "min": 399.1072,
            "med": 410.6205,
            "max": 1102.062,
            "p(90)": 429.65377
        },
        "vus_max": {
            "max": 10,
            "value": 10,
            "min": 10
        },
        "http_req_receiving": {
            "max": 232.5333,
            "p(90)": 2.2185400000000013,
            "p(95)": 4.198214999999999,
            "p(99)": 6.55055,
            "avg": 1.8162226890756303,
            "min": 0,
            "med": 0.4367
        },
        "http_req_duration": {
            "p(95)": 333.4197499999998,
            "p(99)": 459.45629599999984,
            "avg": 317.35053907563037,
            "min": 298.2949,
            "med": 309.85209999999995,
            "max": 1000.6834,
            "p(90)": 322.38268000000005,
            "thresholds": {
                "p(95)<500": false,
                "p(99)<1500": false
            }
        },
        "http_req_blocked": {
            "p(90)": 0,
            "p(95)": 0,
            "p(99)": 167.246674,
            "avg": 7.012497899159664,
            "min": 0,
            "med": 0,
            "max": 167.9809
        },
        "http_req_waiting": {
            "med": 309.2246,
            "max": 768.1501,
            "p(90)": 321.53499,
            "p(95)": 331.2766399999997,
            "p(99)": 459.08866799999987,
            "avg": 315.4305046218488,
            "min": 298.0955
        },
        "http_req_duration{expected_response:true}": {
            "p(90)": 322.38268000000005,
            "p(95)": 333.4197499999998,
            "p(99)": 459.45629599999984,
            "avg": 317.35053907563037,
            "min": 298.2949,
            "med": 309.85209999999995,
            "max": 1000.6834
        },
        "iterations": {
            "rate": 22.959382835582755,
            "count": 238
        },
        "http_req_connecting": {
            "min": 0,
            "med": 0,
            "max": 67.52,
            "p(90)": 0,
            "p(95)": 0,
            "p(99)": 66.171128,
            "avg": 2.7217361344537814
        },
        "http_reqs": {
            "count": 238,
            "rate": 22.959382835582755
        },
        "data_sent": {
            "count": 124602,
            "rate": 12020.10512638354
        },
        "http_req_sending": {
            "p(99)": 0.543441,
            "avg": 0.10381176470588235,
            "min": 0,
            "med": 0,
            "max": 1.0106,
            "p(90)": 0.37784,
            "p(95)": 0.43201
        },
        "data_received": {
            "count": 84782,
            "rate": 8178.749561203265
        },
        "vus": {
            "min": 10,
            "max": 10,
            "value": 10
        }
    },
    "root_group": {
        "checks": {
            "status is 200": {
                "path": "::status is 200",
                "id": "6210a8cd14cd70477eba5c5e4cb3fb5f",
                "passes": 238,
                "fails": 0,
                "name": "status is 200"
            },
            "saved successfully": {
                "name": "saved successfully",
                "path": "::saved successfully",
                "id": "26eb286e1c12b831451e8b992b490885",
                "passes": 238,
                "fails": 0
            }
        },
        "name": "",
        "path": "",
        "id": "d41d8cd98f00b204e9800998ecf8427e",
        "groups": {}
    }
}