{
    "root_group": {
        "id": "d41d8cd98f00b204e9800998ecf8427e",
        "groups": {},
        "checks": {
                "status is 200": {
                    "id": "6210a8cd14cd70477eba5c5e4cb3fb5f",
                    "passes": 8212,
                    "fails": 0,
                    "name": "status is 200",
                    "path": "::status is 200"
                },
                "saved successfully": {
                    "passes": 8212,
                    "fails": 0,
                    "name": "saved successfully",
                    "path": "::saved successfully",
                    "id": "26eb286e1c12b831451e8b992b490885"
                }
            },
        "name": "",
        "path": ""
    },
    "metrics": {
        "http_req_failed": {
            "fails": 8212,
            "passes": 0,
            "thresholds": {
                "rate<0.01": false
            },
            "value": 0
        },
        "checks": {
            "passes": 16424,
            "fails": 0,
            "value": 1
        },
        "data_received": {
            "count": 2688249,
            "rate": 173009.03579565202
        },
        "http_req_sending": {
            "med": 0,
            "max": 1.508,
            "p(90)": 0,
            "p(95)": 0.4316399999999998,
            "p(99)": 0.5631680000000004,
            "avg": 0.04080189965903555,
            "min": 0
        },
        "vus_max": {
            "max": 250,
            "value": 250,
            "min": 250
        },
        "http_req_duration": {
            "p(90)": 387.81896,
            "p(95)": 432.75498999999996,
            "p(99)": 880.701582000001,
            "avg": 343.7356286775448,
            "min": 295.4217,
            "med": 318.50695,
            "max": 2087.1429,
            "thresholds": {
                "p(95)<500": false,
                "p(99)<1500": false
            }
        },
        "http_req_duration{expected_response:true}": {
            "p(99)": 880.701582000001,
            "avg": 343.7356286775448,
            "min": 295.4217,
            "med": 318.50695,
            "max": 2087.1429,
            "p(90)": 387.81896,
            "p(95)": 432.75498999999996
        },
        "http_reqs": {
            "count": 8212,
            "rate": 528.5039451159079
        },
        "http_req_blocked": {
            "p(99)": 548.7999,
            "avg": 19.427740745250855,
            "min": 0,
            "med": 0,
            "max": 4816.9004,
            "p(90)": 0,
            "p(95)": 0
        },
        "http_req_receiving": {
            "max": 755.0525,
            "p(90)": 2.227930000000002,
            "p(95)": 3.3953,
            "p(99)": 7.52941300000002,
            "avg": 1.0148968095470101,
            "min": 0,
            "med": 0.5095
        },
        "data_sent": {
            "rate": 265645.4415569371,
            "count": 4127652
        },
        "http_req_tls_handshaking": {
            "med": 0,
            "max": 4572.7804,
            "p(90)": 0,
            "p(95)": 0,
            "p(99)": 342.4033620000001,
            "avg": 14.49712425718461,
            "min": 0
        },
        "iteration_duration": {
            "p(95)": 546.3158099999999,
            "p(99)": 1568.0578340000025,
            "avg": 463.6726721139801,
            "min": 396.2205,
            "med": 419.0292,
            "max": 5230.4597,
            "p(90)": 489.2599500000002
        },
        "http_req_connecting": {
            "med": 0,
            "max": 238.0278,
            "p(90)": 0,
            "p(95)": 0,
            "p(99)": 201.9326,
            "avg": 4.660375365319047,
            "min": 0
        },
        "http_req_waiting": {
            "avg": 342.67992996833726,
            "min": 295.4217,
            "med": 317.7029,
            "max": 2086.4771,
            "p(90)": 386.85971,
            "p(95)": 431.97163499999994,
            "p(99)": 877.455294000001
        },
        "vus": {
            "value": 250,
            "min": 250,
            "max": 250
        },
        "iterations": {
            "count": 8212,
            "rate": 528.5039451159079
        }
    }
}