{
    "root_group": {
        "checks": {
            "status is 200": {
                "name": "status is 200",
                "path": "::status is 200",
                "id": "6210a8cd14cd70477eba5c5e4cb3fb5f",
                "passes": 1207,
                "fails": 0
            },
            "saved successfully": {
                "path": "::saved successfully",
                "id": "26eb286e1c12b831451e8b992b490885",
                "passes": 1207,
                "fails": 0,
                "name": "saved successfully"
            }
        },
        "name": "",
        "path": "",
        "id": "d41d8cd98f00b204e9800998ecf8427e",
        "groups": {}
    },
    "metrics": {
        "iteration_duration": {
            "p(95)": 594.9569600000002,
            "p(99)": 672.141324,
            "avg": 423.24798243579096,
            "min": 396.359,
            "med": 408.7416,
            "max": 781.6436,
            "p(90)": 424.17812000000004
        },
        "http_req_blocked": {
            "med": 0,
            "max": 225.6642,
            "p(90)": 0,
            "p(95)": 0,
            "p(99)": 212.7264,
            "avg": 8.302603562551779,
            "min": 0
        },
        "data_sent": {
            "count": 630571,
            "rate": 60542.5743613852
        },
        "vus": {
            "value": 50,
            "min": 50,
            "max": 50
        },
        "vus_max": {
            "value": 50,
            "min": 50,
            "max": 50
        },
        "checks": {
            "passes": 2414,
            "fails": 0,
            "value": 1
        },
        "http_req_duration": {
            "avg": 314.36028334714166,
            "min": 294.8279,
            "med": 308.2057,
            "max": 588.1302,
            "p(90)": 323.1675,
            "p(95)": 342.09517,
            "p(99)": 494.8851360000002,
            "thresholds": {
                "p(99)<1500": false,
                "p(95)<500": false
            }
        },
        "http_req_duration{expected_response:true}": {
            "p(90)": 323.1675,
            "p(95)": 342.09517,
            "p(99)": 494.8851360000002,
            "avg": 314.36028334714166,
            "min": 294.8279,
            "med": 308.2057,
            "max": 588.1302
        },
        "http_reqs": {
            "count": 1207,
            "rate": 115.88685057541805
        },
        "http_req_failed": {
            "passes": 0,
            "fails": 1207,
            "thresholds": {
                "rate<0.01": false
            },
            "value": 0
        },
        "data_received": {
            "count": 428370,
            "rate": 41128.790539347
        },
        "http_req_waiting": {
            "p(99)": 488.8076000000004,
            "avg": 313.3156125932064,
            "min": 293.6969,
            "med": 307.4639,
            "max": 585.4254,
            "p(90)": 322.22396,
            "p(95)": 338.99949000000004
        },
        "http_req_receiving": {
            "avg": 0.9597792874896441,
            "min": 0,
            "med": 0.5115,
            "max": 221.2262,
            "p(90)": 1.996700000000001,
            "p(95)": 2.9538100000000007,
            "p(99)": 5.720414000000011
        },
        "iterations": {
            "count": 1207,
            "rate": 115.88685057541805
        },
        "http_req_connecting": {
            "avg": 3.230350621375309,
            "min": 0,
            "med": 0,
            "max": 91.0012,
            "p(90)": 0,
            "p(95)": 0,
            "p(99)": 89.8763
        },
        "http_req_sending": {
            "p(99)": 0.6281840000000002,
            "avg": 0.08489146644573314,
            "min": 0,
            "med": 0,
            "max": 0.7707,
            "p(90)": 0.4025000000000001,
            "p(95)": 0.5117
        },
        "http_req_tls_handshaking": {
            "max": 116.889,
            "p(90)": 0,
            "p(95)": 0,
            "p(99)": 112.26247200000023,
            "avg": 4.33478086164043,
            "min": 0,
            "med": 0
        }
    }
}