{
    "root_group": {
        "name": "",
        "path": "",
        "id": "d41d8cd98f00b204e9800998ecf8427e",
        "groups": {},
        "checks": {
                "status is 200": {
                    "id": "6210a8cd14cd70477eba5c5e4cb3fb5f",
                    "passes": 227,
                    "fails": 0,
                    "name": "status is 200",
                    "path": "::status is 200"
                },
                "has records": {
                    "passes": 227,
                    "fails": 0,
                    "name": "has records",
                    "path": "::has records",
                    "id": "35e49f21f63aa31168b3aaf779cf3967"
                }
            }
    },
    "metrics": {
        "iteration_duration": {
            "p(99)": 678.461178,
            "avg": 450.87887092511005,
            "min": 417.8244,
            "med": 434.4937,
            "max": 767.8726,
            "p(90)": 457.93486,
            "p(95)": 632.9428099999996
        },
        "http_req_tls_handshaking": {
            "max": 93.9542,
            "p(90)": 0,
            "p(95)": 0,
            "p(99)": 92.7127,
            "avg": 4.063245374449339,
            "min": 0,
            "med": 0
        },
        "http_req_blocked": {
            "avg": 7.776744052863436,
            "min": 0,
            "med": 0,
            "max": 177.1431,
            "p(90)": 0,
            "p(95)": 0,
            "p(99)": 176.5923
        },
        "data_received": {
            "count": 4392730,
            "rate": 421939.6556547544
        },
        "http_req_sending": {
            "p(99)": 0.5032320000000006,
            "avg": 0.022419823788546258,
            "min": 0,
            "med": 0,
            "max": 0.5508,
            "p(90)": 0,
            "p(95)": 0.30134
        },
        "data_sent": {
            "count": 47201,
            "rate": 4533.848810776
        },
        "vus": {
            "value": 10,
            "min": 10,
            "max": 10
        },
        "checks": {
            "passes": 454,
            "fails": 0,
            "value": 1
        },
        "http_req_waiting": {
            "p(90)": 319.78822,
            "p(95)": 332.39815,
            "p(99)": 470.95338400000014,
            "avg": 312.8495599118944,
            "min": 289.3467,
            "med": 305.6706,
            "max": 641.0677
        },
        "http_req_receiving": {
            "max": 87.8269,
            "p(90)": 36.287200000000006,
            "p(95)": 42.774469999999994,
            "p(99)": 84.429854,
            "avg": 29.225968281938307,
            "min": 14.7823,
            "med": 26.1718
        },
        "vus_max": {
            "min": 10,
            "max": 10,
            "value": 10
        },
        "http_reqs": {
            "rate": 21.804277029006844,
            "count": 227
        },
        "http_req_duration{expected_response:true}": {
            "max": 667.6827,
            "p(90)": 355.28060000000005,
            "p(95)": 399.61735,
            "p(99)": 501.1894520000002,
            "avg": 342.09794801762115,
            "min": 316.1779,
            "med": 333.506
        },
        "http_req_connecting": {
            "max": 70.1956,
            "p(90)": 0,
            "p(95)": 0,
            "p(99)": 68.72309200000001,
            "avg": 2.9939220264317177,
            "min": 0,
            "med": 0
        },
        "iterations": {
            "count": 227,
            "rate": 21.804277029006844
        },
        "http_req_duration": {
            "med": 333.506,
            "max": 667.6827,
            "p(90)": 355.28060000000005,
            "p(95)": 399.61735,
            "p(99)": 501.1894520000002,
            "avg": 342.09794801762115,
            "min": 316.1779,
            "thresholds": {
                "p(95)<500": false,
                "p(99)<1500": false
            }
        },
        "http_req_failed": {
            "passes": 0,
            "fails": 227,
            "thresholds": {
                "rate<0.01": false
            },
            "value": 0
        }
    }
}