{
    "metrics": {
        "http_reqs": {
            "rate": 21.900633492297693,
            "count": 226
        },
        "http_req_sending": {
            "p(90)": 0.325,
            "p(95)": 0.356775,
            "p(99)": 0.6546,
            "avg": 0.05486814159292037,
            "min": 0,
            "med": 0,
            "max": 0.6546
        },
        "data_received": {
            "count": 4373127,
            "rate": 423779.8745233245
        },
        "iteration_duration": {
            "med": 430.46585,
            "max": 913.9828,
            "p(90)": 447.414,
            "p(95)": 661.302275,
            "p(99)": 807.20795,
            "avg": 452.48263185840716,
            "min": 415.7942
        },
        "http_req_failed": {
            "passes": 0,
            "fails": 226,
            "thresholds": {
                "rate<0.01": false
            },
            "value": 0
        },
        "http_req_waiting": {
            "p(95)": 327.52909999999997,
            "p(99)": 474.39815,
            "avg": 309.5839566371681,
            "min": 290.3876,
            "med": 303.3461,
            "max": 701.4148,
            "p(90)": 316.8189
        },
        "http_req_duration": {
            "avg": 338.2724473451329,
            "min": 315.028,
            "med": 329.48385,
            "max": 727.2051,
            "p(90)": 346.8825,
            "p(95)": 389.49365,
            "p(99)": 523.161975,
            "thresholds": {
                "p(95)<500": false,
                "p(99)<1500": false
            }
        },
        "http_req_receiving": {
            "avg": 28.63362256637169,
            "min": 15.7808,
            "med": 25.48785,
            "max": 125.4589,
            "p(90)": 34.00935,
            "p(95)": 53.137875,
            "p(99)": 73.5232
        },
        "iterations": {
            "count": 226,
            "rate": 21.900633492297693
        },
        "vus_max": {
            "value": 10,
            "min": 10,
            "max": 10
        },
        "http_req_tls_handshaking": {
            "avg": 4.097903097345133,
            "min": 0,
            "med": 0,
            "max": 96.4581,
            "p(90)": 0,
            "p(95)": 0,
            "p(99)": 95.42115
        },
        "http_req_blocked": {
            "max": 299.72,
            "p(90)": 0,
            "p(95)": 0,
            "p(99)": 299.1999,
            "avg": 13.243536283185843,
            "min": 0,
            "med": 0
        },
        "checks": {
            "passes": 452,
            "fails": 0,
            "value": 1
        },
        "vus": {
            "value": 10,
            "min": 10,
            "max": 10
        },
        "http_req_connecting": {
            "med": 0,
            "max": 74.0037,
            "p(90)": 0,
            "p(95)": 0,
            "p(99)": 67.68412500000001,
            "avg": 2.913292035398231,
            "min": 0
        },
        "data_sent": {
            "count": 46088,
            "rate": 4466.178745101841
        },
        "http_req_duration{expected_response:true}": {
            "p(95)": 389.49365,
            "p(99)": 523.161975,
            "avg": 338.2724473451329,
            "min": 315.028,
            "med": 329.48385,
            "max": 727.2051,
            "p(90)": 346.8825
        }
    },
    "root_group": {
        "name": "",
        "path": "",
        "id": "d41d8cd98f00b204e9800998ecf8427e",
        "groups": {},
        "checks": {
                "status is 200": {
                    "name": "status is 200",
                    "path": "::status is 200",
                    "id": "6210a8cd14cd70477eba5c5e4cb3fb5f",
                    "passes": 226,
                    "fails": 0
                },
                "has records": {
                    "id": "35e49f21f63aa31168b3aaf779cf3967",
                    "passes": 226,
                    "fails": 0,
                    "name": "has records",
                    "path": "::has records"
                }
            }
    }
}