{
    "root_group": {
        "name": "",
        "path": "",
        "id": "d41d8cd98f00b204e9800998ecf8427e",
        "groups": {},
        "checks": {
                "status is 200": {
                    "name": "status is 200",
                    "path": "::status is 200",
                    "id": "6210a8cd14cd70477eba5c5e4cb3fb5f",
                    "passes": 2153,
                    "fails": 5
                },
                "has records": {
                    "name": "has records",
                    "path": "::has records",
                    "id": "35e49f21f63aa31168b3aaf779cf3967",
                    "passes": 2153,
                    "fails": 5
                }
            }
    },
    "metrics": {
        "http_reqs": {
            "count": 2158,
            "rate": 59.85962252793871
        },
        "checks": {
            "passes": 4306,
            "fails": 10,
            "value": 0.9976830398517146
        },
        "http_req_failed": {
            "passes": 5,
            "fails": 2153,
            "thresholds": {
                "rate<0.01": false
            },
            "value": 0.0023169601482854493
        },
        "iteration_duration": {
            "p(90)": 2603.1026099999995,
            "p(95)": 3643.135205000001,
            "p(99)": 8699.623171,
            "avg": 1857.5761370713624,
            "min": 495.5257,
            "med": 1524.52385,
            "max": 36048.9857
        },
        "data_sent": {
            "count": 674354,
            "rate": 18705.549532069315
        },
        "iterations": {
            "count": 2158,
            "rate": 59.85962252793871
        },
        "http_req_duration{expected_response:true}": {
            "med": 1396.426,
            "max": 22399.213,
            "p(90)": 2225.62238,
            "p(95)": 3046.3884799999983,
            "p(99)": 5833.465568000003,
            "avg": 1571.1820423130516,
            "min": 395.0497
        },
        "vus": {
            "value": 1,
            "min": 1,
            "max": 250
        },
        "http_req_blocked": {
            "avg": 111.73677812789624,
            "min": 0,
            "med": 0,
            "max": 9071.7443,
            "p(90)": 290.69038,
            "p(95)": 446.2782000000004,
            "p(99)": 2952.666647999991
        },
        "http_req_tls_handshaking": {
            "p(95)": 282.51966500000003,
            "p(99)": 2741.4385369999904,
            "avg": 94.19516047265988,
            "min": 0,
            "med": 0,
            "max": 8857.2215,
            "p(90)": 195.28335999999996
        },
        "http_req_sending": {
            "p(90)": 0,
            "p(95)": 0,
            "p(99)": 0.5612,
            "avg": 0.016656163113994437,
            "min": 0,
            "med": 0,
            "max": 1.0118
        },
        "http_req_waiting": {
            "avg": 643.0279626506019,
            "min": 0,
            "med": 487.9968,
            "max": 10132.8584,
            "p(90)": 1196.4038,
            "p(95)": 1446.5113250000004,
            "p(99)": 1792.7805319999986
        },
        "http_req_duration": {
            "min": 0,
            "med": 1396.5462499999999,
            "max": 35715.3434,
            "p(90)": 2231.70735,
            "p(95)": 3065.366975000001,
            "p(99)": 6126.594322999958,
            "avg": 1614.3600652919372,
            "thresholds": {
                "p(95)<500": true,
                "p(99)<1500": true
            }
        },
        "http_req_connecting": {
            "med": 0,
            "max": 208.2758,
            "p(90)": 80.0598,
            "p(95)": 148.14868500000046,
            "p(99)": 195.3624,
            "avg": 15.761680074142719,
            "min": 0
        },
        "http_req_receiving": {
            "med": 747.7084500000001,
            "max": 33497.6473,
            "p(90)": 1650.8160799999998,
            "p(95)": 2430.1046250000004,
            "p(99)": 5461.005362999949,
            "avg": 971.31544647822,
            "min": 0
        },
        "data_received": {
            "count": 42229697,
            "rate": 1171387.2668624772
        },
        "vus_max": {
            "max": 250,
            "value": 250,
            "min": 250
        }
    }
}