{
    "metrics": {
        "vus": {
            "value": 1,
            "min": 1,
            "max": 250
        },
        "http_req_duration{expected_response:true}": {
            "p(99)": 6360.272847999912,
            "avg": 1584.9048369534548,
            "min": 417.7155,
            "med": 1380.7658,
            "max": 13177.5941,
            "p(90)": 2538.7067,
            "p(95)": 3183.2987899999944
        },
        "checks": {
            "passes": 4254,
            "fails": 4,
            "value": 0.9990605918271489
        },
        "http_req_failed": {
            "passes": 2,
            "fails": 2127,
            "thresholds": {
                "rate<0.01": false
            },
            "value": 0.0009394081728511038
        },
        "http_req_blocked": {
            "avg": 125.00267505871297,
            "min": 0,
            "med": 0,
            "max": 9494.491,
            "p(90)": 288.1767,
            "p(95)": 474.73353999999983,
            "p(99)": 3030.301491999998
        },
        "vus_max": {
            "value": 250,
            "min": 250,
            "max": 250
        },
        "http_req_connecting": {
            "p(90)": 82.69942000000007,
            "p(95)": 138.678,
            "p(99)": 181.5883,
            "avg": 15.187004978863309,
            "min": 0,
            "med": 0,
            "max": 192.2711
        },
        "http_req_tls_handshaking": {
            "p(99)": 2835.742919999994,
            "avg": 107.76971277595116,
            "min": 0,
            "med": 0,
            "max": 9285.4127,
            "p(90)": 190.0992,
            "p(95)": 319.5410799999999
        },
        "iterations": {
            "count": 2129,
            "rate": 60.808709566635265
        },
        "http_req_duration": {
            "med": 1381.0408,
            "max": 34471.3017,
            "p(90)": 2542.27628,
            "p(95)": 3207.2006999999985,
            "p(99)": 6564.637971999992,
            "avg": 1614.6308955847808,
            "min": 417.7155,
            "thresholds": {
                "p(95)<500": true,
                "p(99)<1500": true
            }
        },
        "http_req_sending": {
            "p(95)": 0.3727,
            "p(99)": 0.5870119999999985,
            "avg": 0.03695321747299201,
            "min": 0,
            "med": 0,
            "max": 0.7931,
            "p(90)": 0
        },
        "data_received": {
            "count": 41723284,
            "rate": 1191704.5838056554
        },
        "http_reqs": {
            "count": 2129,
            "rate": 60.808709566635265
        },
        "http_req_receiving": {
            "max": 33415.5331,
            "p(90)": 1748.32564,
            "p(95)": 2552.954439999996,
            "p(99)": 5926.562207999974,
            "avg": 969.9271525129159,
            "min": 0,
            "med": 719.298
        },
        "iteration_duration": {
            "min": 518.1612,
            "med": 1504.9879,
            "max": 35007.9297,
            "p(90)": 3029.76218,
            "p(95)": 4459.200559999999,
            "p(99)": 7693.851695999971,
            "avg": 1840.3644583842224
        },
        "data_sent": {
            "count": 672529,
            "rate": 19208.84012970392
        },
        "http_req_waiting": {
            "max": 4539.4678,
            "p(90)": 1245.0179200000002,
            "p(95)": 1482.33112,
            "p(99)": 1886.080863999998,
            "avg": 644.6667898543928,
            "min": 310.649,
            "med": 486.6921
        }
    },
    "root_group": {
        "name": "",
        "path": "",
        "id": "d41d8cd98f00b204e9800998ecf8427e",
        "groups": {},
        "checks": {
                "status is 200": {
                    "name": "status is 200",
                    "path": "::status is 200",
                    "id": "6210a8cd14cd70477eba5c5e4cb3fb5f",
                    "passes": 2127,
                    "fails": 2
                },
                "has records": {
                    "name": "has records",
                    "path": "::has records",
                    "id": "35e49f21f63aa31168b3aaf779cf3967",
                    "passes": 2127,
                    "fails": 2
                }
            }
    }
}