{
    "root_group": {
        "groups": {},
        "checks": {
                "status is 200": {
                    "path": "::status is 200",
                    "id": "6210a8cd14cd70477eba5c5e4cb3fb5f",
                    "passes": 2027,
                    "fails": 9,
                    "name": "status is 200"
                },
                "has records": {
                    "name": "has records",
                    "path": "::has records",
                    "id": "35e49f21f63aa31168b3aaf779cf3967",
                    "passes": 2027,
                    "fails": 9
                }
            },
        "name": "",
        "path": "",
        "id": "d41d8cd98f00b204e9800998ecf8427e"
    },
    "metrics": {
        "checks": {
            "passes": 4054,
            "fails": 18,
            "value": 0.9955795677799607
        },
        "http_req_waiting": {
            "p(95)": 3200.65465,
            "p(99)": 3873.669375000002,
            "avg": 1655.686050491159,
            "min": 0,
            "med": 1341.1459,
            "max": 5135.7264,
            "p(90)": 2912.8342000000002
        },
        "iteration_duration": {
            "min": 909.2916,
            "med": 3412.5276000000003,
            "max": 43041.0085,
            "p(90)": 6670.001850000001,
            "p(95)": 10043.4535,
            "p(99)": 16503.600965000027,
            "avg": 4276.125221758345
        },
        "data_received": {
            "count": 40400522,
            "rate": 938507.4821693257
        },
        "vus_max": {
            "value": 500,
            "min": 500,
            "max": 500
        },
        "http_req_duration{expected_response:true}": {
            "max": 18009.062,
            "p(90)": 5024.620820000001,
            "p(95)": 6374.18867,
            "p(99)": 10321.456986,
            "avg": 3427.0789690675883,
            "min": 477.0278,
            "med": 3140.7584
        },
        "http_req_failed": {
            "passes": 9,
            "fails": 2027,
            "thresholds": {
                "rate<0.01": false
            },
            "value": 0.0044204322200392925
        },
        "http_req_receiving": {
            "min": 0,
            "med": 1404.5038,
            "max": 36704.3311,
            "p(90)": 3596.2536,
            "p(95)": 4953.21665,
            "p(99)": 9560.55238000003,
            "avg": 1842.8875026031424
        },
        "iterations": {
            "count": 2036,
            "rate": 47.29644913243317
        },
        "http_req_sending": {
            "min": 0,
            "med": 0,
            "max": 1.0403,
            "p(90)": 0.3393,
            "p(95)": 0.5301,
            "p(99)": 0.6424950000000004,
            "avg": 0.05912794695481333
        },
        "http_reqs": {
            "count": 2036,
            "rate": 47.29644913243317
        },
        "vus": {
            "value": 1,
            "min": 1,
            "max": 500
        },
        "http_req_connecting": {
            "p(99)": 302.1049,
            "avg": 47.52200623772105,
            "min": 0,
            "med": 0,
            "max": 1590.5325,
            "p(90)": 204.2375,
            "p(95)": 255.4176
        },
        "http_req_blocked": {
            "min": 0,
            "med": 0,
            "max": 27433.7896,
            "p(90)": 2139.1152,
            "p(95)": 3852.7397,
            "p(99)": 9769.62229500002,
            "avg": 605.9295151277015
        },
        "http_req_tls_handshaking": {
            "med": 0,
            "max": 27299.9047,
            "p(90)": 1910.3607,
            "p(95)": 3604.226075,
            "p(99)": 9552.981935000016,
            "avg": 554.6275174361497,
            "min": 0
        },
        "http_req_duration": {
            "max": 37753.5117,
            "p(90)": 5074.90605,
            "p(95)": 6496.7011999999995,
            "p(99)": 10682.392580000005,
            "avg": 3498.632681041258,
            "min": 0,
            "med": 3141.11305,
            "thresholds": {
                "p(95)<500": true,
                "p(99)<1500": true
            }
        },
        "data_sent": {
            "count": 1125988,
            "rate": 26156.79477688122
        }
    }
}