{
    "metrics": {
        "http_reqs": {
            "count": 230,
            "rate": 22.027269606539715
        },
        "http_req_receiving": {
            "p(95)": 61.768259999999984,
            "p(99)": 67.515031,
            "avg": 29.16089391304346,
            "min": 0,
            "med": 27.0094,
            "max": 72.9954,
            "p(90)": 37.96123999999999
        },
        "iteration_duration": {
            "avg": 450.77438130434774,
            "min": 420.1605,
            "med": 435.3695,
            "max": 761.492,
            "p(90)": 474.04633,
            "p(95)": 543.8394849999999,
            "p(99)": 668.669121
        },
        "http_req_blocked": {
            "p(90)": 0,
            "p(95)": 0,
            "p(99)": 175.2884,
            "avg": 7.6048156521739125,
            "min": 0,
            "med": 0,
            "max": 175.2884
        },
        "http_req_tls_handshaking": {
            "max": 95.0131,
            "p(90)": 0,
            "p(95)": 0,
            "p(99)": 93.701768,
            "avg": 4.018885652173914,
            "min": 0,
            "med": 0
        },
        "vus_max": {
            "value": 10,
            "min": 10,
            "max": 10
        },
        "vus": {
            "min": 10,
            "max": 10,
            "value": 10
        },
        "http_req_duration": {
            "min": 318.1673,
            "med": 334.6708,
            "max": 544.0278,
            "p(90)": 372.09187,
            "p(95)": 386.918375,
            "p(99)": 444.20159000000007,
            "avg": 342.24321869565205,
            "thresholds": {
                "p(95)<500": false,
                "p(99)<1500": false
            }
        },
        "http_req_connecting": {
            "avg": 2.7998891304347824,
            "min": 0,
            "med": 0,
            "max": 65.9954,
            "p(90)": 0,
            "p(95)": 0,
            "p(99)": 65.75011800000001
        },
        "iterations": {
            "count": 230,
            "rate": 22.027269606539715
        },
        "http_req_sending": {
            "p(95)": 0.32586,
            "p(99)": 0.4268930000000001,
            "avg": 0.030296521739130437,
            "min": 0,
            "med": 0,
            "max": 0.6294,
            "p(90)": 0
        },
        "data_received": {
            "count": 4448265,
            "rate": 426013.6192884104
        },
        "http_req_duration{expected_response:true}": {
            "p(95)": 386.918375,
            "p(99)": 444.20159000000007,
            "avg": 342.24321869565205,
            "min": 318.1673,
            "med": 334.6708,
            "max": 544.0278,
            "p(90)": 372.09187
        },
        "checks": {
            "fails": 0,
            "passes": 460,
            "value": 1
        },
        "http_req_failed": {
            "passes": 0,
            "fails": 230,
            "thresholds": {
                "rate<0.01": false
            },
            "value": 0
        },
        "http_req_waiting": {
            "avg": 313.05202826086975,
            "min": 292.5022,
            "med": 306.5964,
            "max": 517.0186,
            "p(90)": 338.58077,
            "p(95)": 353.10630499999996,
            "p(99)": 420.0768060000001
        },
        "data_sent": {
            "rate": 4415.988702424114,
            "count": 46110
        }
    },
    "root_group": {
        "name": "",
        "path": "",
        "id": "d41d8cd98f00b204e9800998ecf8427e",
        "groups": {},
        "checks": {
                "status is 200": {
                    "id": "6210a8cd14cd70477eba5c5e4cb3fb5f",
                    "passes": 230,
                    "fails": 0,
                    "name": "status is 200",
                    "path": "::status is 200"
                },
                "has records": {
                    "id": "35e49f21f63aa31168b3aaf779cf3967",
                    "passes": 230,
                    "fails": 0,
                    "name": "has records",
                    "path": "::has records"
                }
            }
    }
}