{
    "metrics": {
        "data_received": {
            "count": 32667372,
            "rate": 2973212.910009988
        },
        "checks": {
            "passes": 3360,
            "fails": 0,
            "value": 1
        },
        "http_req_duration": {
            "med": 428.11955,
            "max": 1711.775,
            "p(90)": 799.1808400000001,
            "p(95)": 873.9929099999998,
            "p(99)": 1161.347841,
            "avg": 511.05569309523906,
            "min": 326.0969,
            "thresholds": {
                "p(95)<500": true,
                "p(99)<1500": false
            }
        },
        "http_req_waiting": {
            "p(90)": 463.55545000000006,
            "p(95)": 590.2512399999998,
            "p(99)": 734.9200060000001,
            "avg": 395.4213392261898,
            "min": 297.4637,
            "med": 376.8003,
            "max": 1321.3559
        },
        "iterations": {
            "count": 1680,
            "rate": 152.90479101951573
        },
        "http_req_connecting": {
            "med": 0,
            "max": 125.392,
            "p(90)": 0,
            "p(95)": 81.7183,
            "p(99)": 120.93844400000002,
            "avg": 6.036991666666662,
            "min": 0
        },
        "http_req_sending": {
            "avg": 0.04194577380952382,
            "min": 0,
            "med": 0,
            "max": 0.7758,
            "p(90)": 0.030060000000041005,
            "p(95)": 0.3834,
            "p(99)": 0.5432570000000001
        },
        "http_req_receiving": {
            "p(95)": 413.7299299999999,
            "p(99)": 676.3623630000005,
            "avg": 115.59240809523794,
            "min": 0,
            "med": 55.0895,
            "max": 1297.0548,
            "p(90)": 331.8634500000001
        },
        "http_req_tls_handshaking": {
            "p(95)": 91.26566499999996,
            "p(99)": 158.5693,
            "avg": 7.579492321428571,
            "min": 0,
            "med": 0,
            "max": 185.1297,
            "p(90)": 0
        },
        "vus_max": {
            "value": 100,
            "min": 100,
            "max": 100
        },
        "data_sent": {
            "count": 382978,
            "rate": 34856.64943754292
        },
        "vus": {
            "value": 100,
            "min": 100,
            "max": 100
        },
        "http_reqs": {
            "count": 1680,
            "rate": 152.90479101951573
        },
        "http_req_blocked": {
            "avg": 14.624875535714292,
            "min": 0,
            "med": 0,
            "max": 328.5573,
            "p(90)": 0,
            "p(95)": 185.52162499999994,
            "p(99)": 294.3900510000001
        },
        "iteration_duration": {
            "p(99)": 1356.2490750000006,
            "avg": 626.6832361309529,
            "min": 426.5739,
            "med": 529.1460999999999,
            "max": 1813.28,
            "p(90)": 925.1213300000002,
            "p(95)": 1174.4673149999999
        },
        "http_req_failed": {
            "passes": 0,
            "fails": 1680,
            "thresholds": {
                "rate<0.01": false
            },
            "value": 0
        },
        "http_req_duration{expected_response:true}": {
            "avg": 511.05569309523906,
            "min": 326.0969,
            "med": 428.11955,
            "max": 1711.775,
            "p(90)": 799.1808400000001,
            "p(95)": 873.9929099999998,
            "p(99)": 1161.347841
        }
    },
    "root_group": {
        "name": "",
        "path": "",
        "id": "d41d8cd98f00b204e9800998ecf8427e",
        "groups": {},
        "checks": {
                "status is 200": {
                    "name": "status is 200",
                    "path": "::status is 200",
                    "id": "6210a8cd14cd70477eba5c5e4cb3fb5f",
                    "passes": 1680,
                    "fails": 0
                },
                "has records": {
                    "passes": 1680,
                    "fails": 0,
                    "name": "has records",
                    "path": "::has records",
                    "id": "35e49f21f63aa31168b3aaf779cf3967"
                }
            }
    }
}