{
    "root_group": {
        "id": "d41d8cd98f00b204e9800998ecf8427e",
        "groups": {},
        "checks": {
                "status is 200": {
                    "name": "status is 200",
                    "path": "::status is 200",
                    "id": "6210a8cd14cd70477eba5c5e4cb3fb5f",
                    "passes": 2240,
                    "fails": 7
                },
                "has records": {
                    "name": "has records",
                    "path": "::has records",
                    "id": "35e49f21f63aa31168b3aaf779cf3967",
                    "passes": 2240,
                    "fails": 7
                }
            },
        "name": "",
        "path": ""
    },
    "metrics": {
        "iteration_duration": {
            "avg": 1828.6931346684473,
            "min": 522.5055,
            "med": 1352.3133,
            "max": 35823.2707,
            "p(90)": 3133.9678000000004,
            "p(95)": 4951.6839,
            "p(99)": 9727.153061999976
        },
        "vus_max": {
            "value": 250,
            "min": 250,
            "max": 250
        },
        "http_req_sending": {
            "avg": 0.023959768580329326,
            "min": 0,
            "med": 0,
            "max": 1.0358,
            "p(90)": 0,
            "p(95)": 0.30967999999999996,
            "p(99)": 0.5331279999999998
        },
        "data_sent": {
            "count": 697997,
            "rate": 19482.72821645357
        },
        "http_req_duration": {
            "min": 420.5643,
            "med": 1207.6705,
            "max": 35370.8942,
            "p(90)": 2596.37816,
            "p(95)": 4203.558299999996,
            "p(99)": 9324.20860999999,
            "avg": 1611.6488753449044,
            "thresholds": {
                "p(95)<500": true,
                "p(99)<1500": true
            }
        },
        "vus": {
            "value": 2,
            "min": 2,
            "max": 250
        },
        "http_req_connecting": {
            "p(95)": 140.8625,
            "p(99)": 190.6341,
            "avg": 15.066237872719203,
            "min": 0,
            "med": 0,
            "max": 210.4483,
            "p(90)": 79.42626000000028
        },
        "http_req_tls_handshaking": {
            "p(95)": 295.5171899999996,
            "p(99)": 2149.3817619999995,
            "avg": 100.49850502892751,
            "min": 0,
            "med": 0,
            "max": 8339.1373,
            "p(90)": 179.6597
        },
        "iterations": {
            "rate": 62.71902358086235,
            "count": 2247
        },
        "http_req_failed": {
            "fails": 2240,
            "passes": 7,
            "thresholds": {
                "rate<0.01": false
            },
            "value": 0.003115264797507788
        },
        "http_req_blocked": {
            "p(99)": 2335.8721219999998,
            "avg": 116.51172594570535,
            "min": 0,
            "med": 0,
            "max": 8542.4332,
            "p(90)": 262.5950200000001,
            "p(95)": 446.8295699999991
        },
        "http_reqs": {
            "count": 2247,
            "rate": 62.71902358086235
        },
        "http_req_waiting": {
            "min": 313.502,
            "med": 542.5731,
            "max": 8601.8101,
            "p(90)": 1352.6782000000003,
            "p(95)": 1624.7058399999985,
            "p(99)": 4302.370255999998,
            "avg": 745.4644725411652
        },
        "checks": {
            "passes": 4480,
            "fails": 14,
            "value": 0.9968847352024922
        },
        "http_req_duration{expected_response:true}": {
            "p(99)": 6760.705185000049,
            "avg": 1510.4112876339289,
            "min": 420.5643,
            "med": 1205.80975,
            "max": 18580.8255,
            "p(90)": 2496.2871800000007,
            "p(95)": 4134.420919999997
        },
        "http_req_receiving": {
            "p(95)": 2597.519829999997,
            "p(99)": 6579.518715999988,
            "avg": 866.1604430351589,
            "min": 0,
            "med": 479.3053,
            "max": 33479.892,
            "p(90)": 1549.04222
        },
        "data_received": {
            "count": 43946212,
            "rate": 1226641.525018948
        }
    }
}