{
    "root_group": {
        "groups": {},
        "checks": {
                "status is 200": {
                    "name": "status is 200",
                    "path": "::status is 200",
                    "id": "6210a8cd14cd70477eba5c5e4cb3fb5f",
                    "passes": 1320,
                    "fails": 0
                },
                "has records": {
                    "passes": 1320,
                    "fails": 0,
                    "name": "has records",
                    "path": "::has records",
                    "id": "35e49f21f63aa31168b3aaf779cf3967"
                }
            },
        "name": "",
        "path": "",
        "id": "d41d8cd98f00b204e9800998ecf8427e"
    },
    "metrics": {
        "http_req_duration{expected_response:true}": {
            "p(95)": 1275.991285,
            "p(99)": 1645.0151389999999,
            "avg": 662.7917752272731,
            "min": 332.9714,
            "med": 565.2515,
            "max": 3161.239,
            "p(90)": 1055.5549000000003
        },
        "http_req_blocked": {
            "p(95)": 194.0677,
            "p(99)": 272.8294559999998,
            "avg": 16.622627272727268,
            "min": 0,
            "med": 0,
            "max": 300.9564,
            "p(90)": 0
        },
        "checks": {
            "passes": 2640,
            "fails": 0,
            "value": 1
        },
        "iterations": {
            "count": 1320,
            "rate": 121.77870081112641
        },
        "vus": {
            "min": 100,
            "max": 100,
            "value": 100
        },
        "http_req_tls_handshaking": {
            "p(90)": 0,
            "p(95)": 100.99565,
            "p(99)": 152.84515899999988,
            "avg": 8.884596893939394,
            "min": 0,
            "med": 0,
            "max": 179.7819
        },
        "http_req_sending": {
            "p(99)": 0.5558849999999995,
            "avg": 0.0433648484848485,
            "min": 0,
            "med": 0,
            "max": 0.9181,
            "p(90)": 0,
            "p(95)": 0.402205
        },
        "vus_max": {
            "max": 100,
            "value": 100,
            "min": 100
        },
        "iteration_duration": {
            "avg": 780.3665899242429,
            "min": 434.284,
            "med": 666.30895,
            "max": 3261.7753,
            "p(90)": 1205.04113,
            "p(95)": 1380.3902549999996,
            "p(99)": 1746.2665189999996
        },
        "http_req_receiving": {
            "p(95)": 772.9385149999996,
            "p(99)": 1195.9996159999966,
            "avg": 235.47150196969642,
            "min": 0,
            "med": 152.3279,
            "max": 2760.9721,
            "p(90)": 546.1795700000004
        },
        "data_received": {
            "count": 25721989,
            "rate": 2373023.0323470337
        },
        "http_req_failed": {
            "passes": 0,
            "fails": 1320,
            "thresholds": {
                "rate<0.01": false
            },
            "value": 0
        },
        "http_reqs": {
            "count": 1320,
            "rate": 121.77870081112641
        },
        "http_req_connecting": {
            "avg": 6.63802871212121,
            "min": 0,
            "med": 0,
            "max": 107.632,
            "p(90)": 0,
            "p(95)": 77.9244099999999,
            "p(99)": 104.9773
        },
        "http_req_waiting": {
            "med": 388.5878,
            "max": 1545.0562,
            "p(90)": 611.2613100000004,
            "p(95)": 699.709875,
            "p(99)": 1023.5587069999979,
            "avg": 427.2769084090913,
            "min": 295.3789
        },
        "http_req_duration": {
            "max": 3161.239,
            "p(90)": 1055.5549000000003,
            "p(95)": 1275.991285,
            "p(99)": 1645.0151389999999,
            "avg": 662.7917752272731,
            "min": 332.9714,
            "med": 565.2515,
            "thresholds": {
                "p(95)<500": true,
                "p(99)<1500": true
            }
        },
        "data_sent": {
            "count": 329120,
            "rate": 30363.48940224085
        }
    }
}