{
    "root_group": {
        "path": "",
        "id": "d41d8cd98f00b204e9800998ecf8427e",
        "groups": {},
        "checks": {
                "status is 200": {
                    "name": "status is 200",
                    "path": "::status is 200",
                    "id": "6210a8cd14cd70477eba5c5e4cb3fb5f",
                    "passes": 2079,
                    "fails": 8
                },
                "has records": {
                    "id": "35e49f21f63aa31168b3aaf779cf3967",
                    "passes": 2079,
                    "fails": 8,
                    "name": "has records",
                    "path": "::has records"
                }
            },
        "name": ""
    },
    "metrics": {
        "http_reqs": {
            "count": 2087,
            "rate": 46.37448797160107
        },
        "data_sent": {
            "count": 1136833,
            "rate": 25261.163528614834
        },
        "http_req_sending": {
            "p(95)": 0.39918999999999955,
            "p(99)": 0.6964259999999992,
            "avg": 0.043329947292764764,
            "min": 0,
            "med": 0,
            "max": 0.8953,
            "p(90)": 0
        },
        "iterations": {
            "count": 2087,
            "rate": 46.37448797160107
        },
        "http_req_connecting": {
            "p(95)": 294.16743999999994,
            "p(99)": 353.6057939999996,
            "avg": 63.47321102060377,
            "min": 0,
            "med": 0,
            "max": 3427.6252,
            "p(90)": 237.67148000000043
        },
        "data_received": {
            "rate": 919935.1175805365,
            "count": 41400017
        },
        "iteration_duration": {
            "p(95)": 8951.489719999996,
            "p(99)": 15847.324941999974,
            "avg": 3887.9586931001404,
            "min": 621.5673,
            "med": 2886.8218,
            "max": 39927.5311,
            "p(90)": 7695.62992
        },
        "http_req_duration": {
            "p(90)": 5067.5072,
            "p(95)": 7246.641589999999,
            "p(99)": 10485.488433999984,
            "avg": 3026.9949352659355,
            "min": 0,
            "med": 2492.8978,
            "max": 39252.7317,
            "thresholds": {
                "p(95)<500": true,
                "p(99)<1500": true
            }
        },
        "http_req_receiving": {
            "p(95)": 5682.413339999985,
            "p(99)": 9203.272801999992,
            "avg": 1835.4742890752286,
            "min": 0,
            "med": 1312.4171,
            "max": 38560.3314,
            "p(90)": 3843.5220400000003
        },
        "checks": {
            "passes": 4158,
            "fails": 16,
            "value": 0.996166746526114
        },
        "http_req_duration{expected_response:true}": {
            "p(95)": 7114.438529999997,
            "p(99)": 10093.355807999995,
            "avg": 2985.8836456950485,
            "min": 476.473,
            "med": 2492.9745,
            "max": 15688.2919,
            "p(90)": 5055.904
        },
        "vus": {
            "value": 2,
            "min": 2,
            "max": 500
        },
        "vus_max": {
            "value": 500,
            "min": 500,
            "max": 500
        },
        "http_req_failed": {
            "passes": 8,
            "fails": 2079,
            "thresholds": {
                "rate<0.01": false
            },
            "value": 0.003833253473885961
        },
        "http_req_tls_handshaking": {
            "avg": 614.5525651173938,
            "min": 0,
            "med": 0,
            "max": 16212.4867,
            "p(90)": 2393.1450000000023,
            "p(95)": 3956.313679999999,
            "p(99)": 7517.640011999994
        },
        "http_req_waiting": {
            "avg": 1191.4773162434108,
            "min": 0,
            "med": 1014.087,
            "max": 7156.8057,
            "p(90)": 2063.3881,
            "p(95)": 2386.1151399999994,
            "p(99)": 2967.868753999996
        },
        "http_req_blocked": {
            "avg": 680.0376814566358,
            "min": 0,
            "med": 0,
            "max": 16378.967,
            "p(90)": 2663.850720000001,
            "p(95)": 4509.3544,
            "p(99)": 7849.115845999998
        }
    }
}