{
    "root_group": {
        "groups": {},
        "checks": {
                "status is 200": {
                    "name": "status is 200",
                    "path": "::status is 200",
                    "id": "6210a8cd14cd70477eba5c5e4cb3fb5f",
                    "passes": 1934,
                    "fails": 45
                },
                "has records": {
                    "id": "35e49f21f63aa31168b3aaf779cf3967",
                    "passes": 1934,
                    "fails": 45,
                    "name": "has records",
                    "path": "::has records"
                }
            },
        "name": "",
        "path": "",
        "id": "d41d8cd98f00b204e9800998ecf8427e"
    },
    "metrics": {
        "checks": {
            "passes": 3868,
            "fails": 90,
            "value": 0.9772612430520465
        },
        "vus": {
            "value": 1,
            "min": 1,
            "max": 500
        },
        "http_req_waiting": {
            "p(99)": 2763.3812500000013,
            "avg": 889.291739565437,
            "min": 0,
            "med": 658.6087,
            "max": 9316.1014,
            "p(90)": 1574.8485,
            "p(95)": 1913.60135
        },
        "http_reqs": {
            "count": 1979,
            "rate": 48.00677845038156
        },
        "http_req_duration": {
            "p(99)": 32070.781030000002,
            "avg": 3505.6277440626554,
            "min": 0,
            "med": 2327.8794,
            "max": 35153.3458,
            "p(90)": 5969.469820000001,
            "p(95)": 9342.93002,
            "thresholds": {
                "p(95)<500": true,
                "p(99)<1500": true
            }
        },
        "vus_max": {
            "max": 500,
            "value": 500,
            "min": 500
        },
        "iteration_duration": {
            "p(90)": 8784.440460000002,
            "p(95)": 12680.12718,
            "p(99)": 34051.294142,
            "avg": 4563.679745022738,
            "min": 714.7527,
            "med": 2837.2073,
            "max": 40706.2887
        },
        "iterations": {
            "count": 1979,
            "rate": 48.00677845038156
        },
        "http_req_duration{expected_response:true}": {
            "avg": 3046.186994622541,
            "min": 425.4304,
            "med": 2315.966,
            "max": 18950.0854,
            "p(90)": 5526.911190000001,
            "p(95)": 8311.213005,
            "p(99)": 13060.845910000005
        },
        "http_req_failed": {
            "passes": 45,
            "fails": 1934,
            "thresholds": {
                "rate<0.01": true
            },
            "value": 0.022738756947953513
        },
        "http_req_tls_handshaking": {
            "p(95)": 4522.427059999984,
            "p(99)": 9722.877302,
            "avg": 681.2099236483072,
            "min": 0,
            "med": 0,
            "max": 17920.3973,
            "p(90)": 2579.604660000002
        },
        "data_received": {
            "count": 38840876,
            "rate": 942205.8256446399
        },
        "http_req_blocked": {
            "avg": 736.1183164729658,
            "min": 0,
            "med": 0,
            "max": 18120.5902,
            "p(90)": 2889.884140000002,
            "p(95)": 4830.236579999996,
            "p(99)": 9950.795968000002
        },
        "data_sent": {
            "count": 1122109,
            "rate": 27220.231510954625
        },
        "http_req_receiving": {
            "p(95)": 8402.61083,
            "p(99)": 31129.412074000003,
            "avg": 2616.2887183425983,
            "min": 0,
            "med": 1472.4662,
            "max": 34494.4571,
            "p(90)": 5157.60232
        },
        "http_req_connecting": {
            "avg": 51.85578787266293,
            "min": 0,
            "med": 0,
            "max": 2490.1717,
            "p(90)": 223.1862,
            "p(95)": 292.8242,
            "p(99)": 340.3456
        },
        "http_req_sending": {
            "avg": 0.04728615462354722,
            "min": 0,
            "med": 0,
            "max": 1.0731,
            "p(90)": 0.30310000000000004,
            "p(95)": 0.45103999999999966,
            "p(99)": 0.6119640000000001
        }
    }
}