{
    "root_group": {
        "checks": {
            "status is 200": {
                "name": "status is 200",
                "path": "::status is 200",
                "id": "6210a8cd14cd70477eba5c5e4cb3fb5f",
                "passes": 1070,
                "fails": 0
            },
            "has records": {
                "name": "has records",
                "path": "::has records",
                "id": "35e49f21f63aa31168b3aaf779cf3967",
                "passes": 1070,
                "fails": 0
            }
        },
        "name": "",
        "path": "",
        "id": "d41d8cd98f00b204e9800998ecf8427e",
        "groups": {}
    },
    "metrics": {
        "http_req_receiving": {
            "max": 280.3226,
            "p(90)": 76.03129,
            "p(95)": 127.17245,
            "p(99)": 193.40756099999996,
            "avg": 42.315873271028074,
            "min": 1.5909,
            "med": 30.7391
        },
        "checks": {
            "passes": 2140,
            "fails": 0,
            "value": 1
        },
        "data_sent": {
            "count": 221592,
            "rate": 21258.147483952733
        },
        "http_req_blocked": {
            "p(95)": 0,
            "p(99)": 202.3221989999999,
            "avg": 8.608578130841124,
            "min": 0,
            "med": 0,
            "max": 219.8471,
            "p(90)": 0
        },
        "http_req_sending": {
            "avg": 0.03720420560747662,
            "min": 0,
            "med": 0,
            "max": 0.9569,
            "p(90)": 0,
            "p(95)": 0.3713899999999999,
            "p(99)": 0.5391379999999995
        },
        "http_req_waiting": {
            "med": 312.8646,
            "max": 949.7552,
            "p(90)": 362.51887,
            "p(95)": 399.70694999999995,
            "p(99)": 533.1927769999995,
            "avg": 326.8012221495323,
            "min": 290.4327
        },
        "iterations": {
            "count": 1070,
            "rate": 102.64909296287512
        },
        "http_req_duration": {
            "p(99)": 630.3183289999976,
            "avg": 369.154299626168,
            "min": 317.689,
            "med": 346.2142,
            "max": 1124.079,
            "p(90)": 428.43447000000003,
            "p(95)": 504.4016049999999,
            "thresholds": {
                "p(95)<500": true,
                "p(99)<1500": false
            }
        },
        "http_req_duration{expected_response:true}": {
            "p(99)": 630.3183289999976,
            "avg": 369.154299626168,
            "min": 317.689,
            "med": 346.2142,
            "max": 1124.079,
            "p(90)": 428.43447000000003,
            "p(95)": 504.4016049999999
        },
        "data_received": {
            "count": 20761765,
            "rate": 1991753.5939797822
        },
        "http_reqs": {
            "rate": 102.64909296287512,
            "count": 1070
        },
        "http_req_tls_handshaking": {
            "min": 0,
            "med": 0,
            "max": 119.3397,
            "p(90)": 0,
            "p(95)": 0,
            "p(99)": 105.93500799999994,
            "avg": 4.420415420560749
        },
        "iteration_duration": {
            "max": 1224.2274,
            "p(90)": 529.45896,
            "p(95)": 749.6286899999994,
            "p(99)": 877.1952899999998,
            "avg": 478.7579997196263,
            "min": 418.2979,
            "med": 447.1971
        },
        "vus": {
            "max": 50,
            "value": 50,
            "min": 50
        },
        "vus_max": {
            "value": 50,
            "min": 50,
            "max": 50
        },
        "http_req_connecting": {
            "max": 86.6594,
            "p(90)": 0,
            "p(95)": 0,
            "p(99)": 82.2025,
            "avg": 3.5159800000000003,
            "min": 0,
            "med": 0
        },
        "http_req_failed": {
            "passes": 0,
            "fails": 1070,
            "thresholds": {
                "rate<0.01": false
            },
            "value": 0
        }
    }
}