{
    "root_group": {
        "path": "",
        "id": "d41d8cd98f00b204e9800998ecf8427e",
        "groups": {},
        "checks": {
                "status is 200": {
                    "name": "status is 200",
                    "path": "::status is 200",
                    "id": "6210a8cd14cd70477eba5c5e4cb3fb5f",
                    "passes": 1020,
                    "fails": 1
                },
                "has records": {
                    "id": "35e49f21f63aa31168b3aaf779cf3967",
                    "passes": 1020,
                    "fails": 1,
                    "name": "has records",
                    "path": "::has records"
                }
            },
        "name": ""
    },
    "metrics": {
        "vus": {
            "value": 50,
            "min": 50,
            "max": 50
        },
        "iterations": {
            "rate": 98.36140307021294,
            "count": 1021
        },
        "data_sent": {
            "count": 216496,
            "rate": 20856.85633603215
        },
        "iteration_duration": {
            "avg": 498.3404714005883,
            "min": 9.9925,
            "med": 464.7802,
            "max": 1395.0128,
            "p(90)": 586.0522,
            "p(95)": 780.0047,
            "p(99)": 903.9580199999998
        },
        "vus_max": {
            "value": 50,
            "min": 50,
            "max": 50
        },
        "http_req_waiting": {
            "avg": 336.6953145935351,
            "min": 8.2374,
            "med": 323.6751,
            "max": 613.7232,
            "p(90)": 388.4987,
            "p(95)": 434.7564,
            "p(99)": 522.2095799999998
        },
        "http_req_receiving": {
            "min": 0,
            "med": 36.6352,
            "max": 970.0571,
            "p(90)": 84.2177,
            "p(95)": 130.468,
            "p(99)": 204.92679999999984,
            "avg": 50.19564240940246
        },
        "data_received": {
            "count": 19798981,
            "rate": 1907400.147424572
        },
        "http_reqs": {
            "count": 1021,
            "rate": 98.36140307021294
        },
        "checks": {
            "passes": 2040,
            "fails": 2,
            "value": 0.9990205680705191
        },
        "http_req_connecting": {
            "p(95)": 0,
            "p(99)": 83.2042,
            "avg": 3.8015775710088158,
            "min": 0,
            "med": 0,
            "max": 90.0123,
            "p(90)": 0
        },
        "http_req_sending": {
            "avg": 0.0266209598432909,
            "min": 0,
            "med": 0,
            "max": 1.0072,
            "p(90)": 0,
            "p(95)": 0.3301,
            "p(99)": 0.5353
        },
        "http_req_blocked": {
            "avg": 10.576107933398633,
            "min": 0,
            "med": 0,
            "max": 259.4799,
            "p(90)": 0,
            "p(95)": 0,
            "p(99)": 243.88769999999997
        },
        "http_req_tls_handshaking": {
            "max": 152.686,
            "p(90)": 0,
            "p(95)": 0,
            "p(99)": 142.44359999999998,
            "avg": 5.86511567091087,
            "min": 0,
            "med": 0
        },
        "http_req_duration": {
            "p(99)": 609.0392199999999,
            "avg": 386.9175779627818,
            "min": 8.2374,
            "med": 363.7173,
            "max": 1294.2227,
            "p(90)": 484.9308,
            "p(95)": 539.7952,
            "thresholds": {
                "p(95)<500": true,
                "p(99)<1500": false
            }
        },
        "http_req_duration{expected_response:true}": {
            "p(90)": 484.93658,
            "p(95)": 539.7952,
            "p(99)": 609.054139,
            "avg": 387.2888330392159,
            "min": 316.5551,
            "med": 363.7627,
            "max": 1294.2227
        },
        "http_req_failed": {
            "passes": 1,
            "fails": 1020,
            "thresholds": {
                "rate<0.01": false
            },
            "value": 0.0009794319294809011
        }
    }
}