{
    "metrics": {
        "http_req_tls_handshaking": {
            "avg": 4.450231564245809,
            "min": 0,
            "med": 0,
            "max": 105.271,
            "p(90)": 0,
            "p(95)": 0,
            "p(99)": 97.619852
        },
        "data_sent": {
            "count": 223560,
            "rate": 21215.403274818986
        },
        "http_req_failed": {
            "passes": 0,
            "fails": 1074,
            "thresholds": {
                "rate<0.01": false
            },
            "value": 0
        },
        "http_req_duration{expected_response:true}": {
            "min": 317.7649,
            "med": 353.448,
            "max": 713.1219,
            "p(90)": 411.94265,
            "p(95)": 506.96427999999946,
            "p(99)": 600.279332,
            "avg": 368.85063165735596
        },
        "iterations": {
            "count": 1074,
            "rate": 101.92048272121842
        },
        "iteration_duration": {
            "max": 949.6959,
            "p(90)": 513.03534,
            "p(95)": 646.0282749999998,
            "p(99)": 881.614922,
            "avg": 478.4076673184364,
            "min": 418.8066,
            "med": 454.24415
        },
        "http_req_blocked": {
            "p(99)": 191.0918,
            "avg": 8.632356610800745,
            "min": 0,
            "med": 0,
            "max": 205.6261,
            "p(90)": 0,
            "p(95)": 0
        },
        "http_reqs": {
            "count": 1074,
            "rate": 101.92048272121842
        },
        "http_req_connecting": {
            "avg": 3.4424585661080074,
            "min": 0,
            "med": 0,
            "max": 87.1559,
            "p(90)": 0,
            "p(95)": 0,
            "p(99)": 80.625977
        },
        "http_req_waiting": {
            "max": 687.7354,
            "p(90)": 357.62115000000006,
            "p(95)": 384.1960599999998,
            "p(99)": 480.92047299999973,
            "avg": 326.8519781191806,
            "min": 292.7284,
            "med": 316.96055
        },
        "data_received": {
            "count": 20837728,
            "rate": 1977459.3077965078
        },
        "http_req_duration": {
            "max": 713.1219,
            "p(90)": 411.94265,
            "p(95)": 506.96427999999946,
            "p(99)": 600.279332,
            "avg": 368.85063165735596,
            "min": 317.7649,
            "med": 353.448,
            "thresholds": {
                "p(99)<1500": false,
                "p(95)<500": true
            }
        },
        "checks": {
            "passes": 2148,
            "fails": 0,
            "value": 1
        },
        "http_req_sending": {
            "avg": 0.05174171322160149,
            "min": 0,
            "med": 0,
            "max": 1.1705,
            "p(90)": 0.3337300000000001,
            "p(95)": 0.39255499999999954,
            "p(99)": 0.5436959999999997
        },
        "vus": {
            "value": 50,
            "min": 50,
            "max": 50
        },
        "vus_max": {
            "value": 50,
            "min": 50,
            "max": 50
        },
        "http_req_receiving": {
            "p(99)": 224.61667899999964,
            "avg": 41.94691182495346,
            "min": 1.9691,
            "med": 32.701,
            "max": 326.7892,
            "p(90)": 61.592920000000014,
            "p(95)": 95.46569999999997
        }
    },
    "root_group": {
        "name": "",
        "path": "",
        "id": "d41d8cd98f00b204e9800998ecf8427e",
        "groups": {},
        "checks": {
                "status is 200": {
                    "name": "status is 200",
                    "path": "::status is 200",
                    "id": "6210a8cd14cd70477eba5c5e4cb3fb5f",
                    "passes": 1074,
                    "fails": 0
                },
                "has records": {
                    "path": "::has records",
                    "id": "35e49f21f63aa31168b3aaf779cf3967",
                    "passes": 1074,
                    "fails": 0,
                    "name": "has records"
                }
            }
    }
}