{
    "metrics": {
        "http_req_connecting": {
            "med": 0,
            "max": 104.914,
            "p(90)": 0,
            "p(95)": 66.8033,
            "p(99)": 103.4031,
            "avg": 4.85683066439523,
            "min": 0
        },
        "http_req_failed": {
            "passes": 0,
            "fails": 1761,
            "thresholds": {
                "rate<0.01": false
            },
            "value": 0
        },
        "http_req_receiving": {
            "avg": 83.01860511073268,
            "min": 0,
            "med": 46.4807,
            "max": 781.4518,
            "p(90)": 210.7581,
            "p(95)": 321.9,
            "p(99)": 497.22046000000125
        },
        "vus_max": {
            "value": 100,
            "min": 100,
            "max": 100
        },
        "http_req_waiting": {
            "avg": 388.23959011925035,
            "min": 297.8585,
            "med": 369.6841,
            "max": 896.3265,
            "p(90)": 457.5339,
            "p(95)": 518.4409,
            "p(99)": 679.9645800000003
        },
        "vus": {
            "value": 100,
            "min": 100,
            "max": 100
        },
        "http_reqs": {
            "count": 1761,
            "rate": 162.94179050265876
        },
        "http_req_duration{expected_response:true}": {
            "med": 425.5047,
            "max": 1162.6741,
            "p(90)": 634.5897,
            "p(95)": 796.4435,
            "p(99)": 939.63886,
            "avg": 471.288051277683,
            "min": 332.6257
        },
        "http_req_duration": {
            "avg": 471.288051277683,
            "min": 332.6257,
            "med": 425.5047,
            "max": 1162.6741,
            "p(90)": 634.5897,
            "p(95)": 796.4435,
            "p(99)": 939.63886,
            "thresholds": {
                "p(95)<500": true,
                "p(99)<1500": false
            }
        },
        "data_received": {
            "count": 34232036,
            "rate": 3167421.486877611
        },
        "http_req_sending": {
            "p(90)": 0,
            "p(95)": 0.3405,
            "p(99)": 0.5512000000000002,
            "avg": 0.029856047700170314,
            "min": 0,
            "med": 0,
            "max": 0.7904
        },
        "data_sent": {
            "count": 390947,
            "rate": 36173.54013154057
        },
        "http_req_blocked": {
            "min": 0,
            "med": 0,
            "max": 293.8146,
            "p(90)": 0,
            "p(95)": 174.6277,
            "p(99)": 267.2709400000001,
            "avg": 12.644781260647362
        },
        "http_req_tls_handshaking": {
            "p(99)": 145.5593800000002,
            "avg": 6.759816865417375,
            "min": 0,
            "med": 0,
            "max": 171.1961,
            "p(90)": 0,
            "p(95)": 89.6051
        },
        "checks": {
            "passes": 3522,
            "fails": 0,
            "value": 1
        },
        "iteration_duration": {
            "med": 526.5395,
            "max": 1544.8259,
            "p(90)": 771.0209,
            "p(95)": 1026.0956,
            "p(99)": 1205.05744,
            "avg": 584.8315669505962,
            "min": 433.7531
        },
        "iterations": {
            "count": 1761,
            "rate": 162.94179050265876
        }
    },
    "root_group": {
        "path": "",
        "id": "d41d8cd98f00b204e9800998ecf8427e",
        "groups": {},
        "checks": {
                "status is 200": {
                    "name": "status is 200",
                    "path": "::status is 200",
                    "id": "6210a8cd14cd70477eba5c5e4cb3fb5f",
                    "passes": 1761,
                    "fails": 0
                },
                "has records": {
                    "name": "has records",
                    "path": "::has records",
                    "id": "35e49f21f63aa31168b3aaf779cf3967",
                    "passes": 1761,
                    "fails": 0
                }
            },
        "name": ""
    }
}