{
    "metrics": {
        "http_req_waiting": {
            "max": 1027.8547,
            "p(90)": 360.02518000000003,
            "p(95)": 445.67481499999997,
            "p(99)": 530.2680299999998,
            "avg": 327.0977973636357,
            "min": 290.4833,
            "med": 310.60735
        },
        "vus_max": {
            "value": 50,
            "min": 50,
            "max": 50
        },
        "checks": {
            "passes": 1099,
            "fails": 1,
            "value": 0.9990909090909091
        },
        "http_reqs": {
            "count": 1100,
            "rate": 105.52878951053042
        },
        "http_req_receiving": {
            "p(90)": 43.96491000000001,
            "p(95)": 74.01388499999996,
            "p(99)": 182.785337,
            "avg": 26.822045999999997,
            "min": 0,
            "med": 24.88745,
            "max": 406.1768
        },
        "http_req_tls_handshaking": {
            "avg": 4.8131758181818185,
            "min": 0,
            "med": 0,
            "max": 135.7855,
            "p(90)": 0,
            "p(95)": 0,
            "p(99)": 119.70069399999996
        },
        "vus": {
            "value": 50,
            "min": 50,
            "max": 50
        },
        "http_req_blocked": {
            "min": 0,
            "med": 0,
            "max": 283.3157,
            "p(90)": 0,
            "p(95)": 0,
            "p(99)": 258.242378,
            "avg": 10.939272181818179
        },
        "http_req_connecting": {
            "med": 0,
            "max": 97.5964,
            "p(90)": 0,
            "p(95)": 0,
            "p(99)": 87.197,
            "avg": 3.7834966363636373,
            "min": 0
        },
        "http_req_sending": {
            "med": 0,
            "max": 0.6154,
            "p(90)": 0,
            "p(95)": 0.31294499999999975,
            "p(99)": 0.4469109999999999,
            "avg": 0.02119463636363636,
            "min": 0
        },
        "http_req_duration": {
            "avg": 353.94103799999937,
            "min": 294.3355,
            "med": 332.5077,
            "max": 1027.8547,
            "p(90)": 427.21929000000006,
            "p(95)": 502.593755,
            "p(99)": 627.179777,
            "thresholds": {
                "p(99)<1500": false,
                "p(95)<500": true
            }
        },
        "iteration_duration": {
            "p(90)": 549.9075,
            "p(95)": 715.1240149999998,
            "p(99)": 931.4682,
            "avg": 465.56497163636357,
            "min": 395.2634,
            "med": 433.05629999999996,
            "max": 1378.2171
        },
        "http_req_duration{expected_response:true}": {
            "min": 294.3355,
            "med": 332.5077,
            "max": 1027.8547,
            "p(90)": 427.55648000000014,
            "p(95)": 502.59551,
            "p(99)": 627.180154,
            "avg": 353.98068680618684
        },
        "iterations": {
            "count": 1100,
            "rate": 105.52878951053042
        },
        "http_req_failed": {
            "passes": 1,
            "fails": 1099,
            "thresholds": {
                "rate<0.01": false
            },
            "value": 0.0009090909090909091
        },
        "data_received": {
            "count": 14944175,
            "rate": 1433673.3618032099
        },
        "data_sent": {
            "count": 373657,
            "rate": 35846.882638305695
        }
    },
    "root_group": {
        "checks": {
            "post status is 200": {
                "path": "::post status is 200",
                "id": "1504cfaf2d796e0392f20e365675baf3",
                "passes": 233,
                "fails": 0,
                "name": "post status is 200"
            },
            "sync status is 200": {
                "name": "sync status is 200",
                "path": "::sync status is 200",
                "id": "e71464e1d2d6ee4f291cbb42bbcbb5bd",
                "passes": 100,
                "fails": 0
            },
            "get status is 200": {
                "path": "::get status is 200",
                "id": "46c14443ccfc46895452edbdd9a45435",
                "passes": 766,
                "fails": 1,
                "name": "get status is 200"
            }
        },
        "name": "",
        "path": "",
        "id": "d41d8cd98f00b204e9800998ecf8427e",
        "groups": {}
    }
}