{
    "metrics": {
        "http_req_duration{expected_response:true}": {
            "min": 2867.0087,
            "med": 3610.7015,
            "max": 3790.819,
            "p(90)": 3746.36332,
            "p(95)": 3768.59116,
            "p(99)": 3786.373432,
            "avg": 3415.8231399999995
        },
        "http_req_receiving": {
            "min": 0,
            "med": 0,
            "max": 35.4496,
            "p(90)": 2.626980000000001,
            "p(95)": 4.58793,
            "p(99)": 28.862756000000033,
            "avg": 1.494089447236181
        },
        "http_req_failed": {
            "passes": 189,
            "fails": 10,
            "thresholds": {
                "rate<0.01": true
            },
            "value": 0.949748743718593
        },
        "iteration_duration": {
            "avg": 592.382712562814,
            "min": 387.2957,
            "med": 402.2258,
            "max": 3891.5661,
            "p(90)": 732.4663000000016,
            "p(95)": 1053.5505799999878,
            "p(99)": 3832.164056
        },
        "data_received": {
            "count": 178940,
            "rate": 14791.857673396858
        },
        "vus_max": {
            "value": 10,
            "min": 10,
            "max": 10
        },
        "http_req_sending": {
            "med": 0,
            "max": 0.6705,
            "p(90)": 0.43242000000000025,
            "p(95)": 0.4825299999999999,
            "p(99)": 0.64692,
            "avg": 0.1360874371859296,
            "min": 0
        },
        "vus": {
            "value": 6,
            "min": 6,
            "max": 10
        },
        "http_reqs": {
            "count": 199,
            "rate": 16.450093198870988
        },
        "http_req_waiting": {
            "med": 300.0744,
            "max": 3758.7489,
            "p(90)": 631.7579000000017,
            "p(95)": 952.8357899999879,
            "p(99)": 3712.6812259999997,
            "avg": 481.6538723618092,
            "min": 284.5301
        },
        "iterations": {
            "count": 199,
            "rate": 16.450093198870988
        },
        "http_req_blocked": {
            "med": 0,
            "max": 165.3345,
            "p(90)": 0,
            "p(95)": 16.439819999999067,
            "p(99)": 165.3345,
            "avg": 8.279549246231156,
            "min": 0
        },
        "http_req_tls_handshaking": {
            "avg": 4.366323115577889,
            "min": 0,
            "med": 0,
            "max": 90.1243,
            "p(90)": 0,
            "p(95)": 8.43823999999952,
            "p(99)": 89.198064
        },
        "http_req_duration": {
            "max": 3790.819,
            "p(90)": 631.8289000000017,
            "p(95)": 953.206669999988,
            "p(99)": 3731.831756,
            "avg": 483.28404924623123,
            "min": 284.8985,
            "med": 300.719,
            "thresholds": {
                "p(95)<500": true,
                "p(99)<1500": true
            }
        },
        "http_req_connecting": {
            "p(95)": 6.1787899999996485,
            "p(99)": 65.8295,
            "avg": 3.259320100502513,
            "min": 0,
            "med": 0,
            "max": 68.033,
            "p(90)": 0
        },
        "checks": {
            "passes": 10,
            "fails": 189,
            "value": 0.05025125628140704
        },
        "data_sent": {
            "count": 58118,
            "rate": 4804.253851919519
        }
    },
    "root_group": {
        "path": "",
        "id": "d41d8cd98f00b204e9800998ecf8427e",
        "groups": {},
        "checks": {
                "get status is 200": {
                    "fails": 134,
                    "name": "get status is 200",
                    "path": "::get status is 200",
                    "id": "46c14443ccfc46895452edbdd9a45435",
                    "passes": 6
                },
                "sync status is 200": {
                    "name": "sync status is 200",
                    "path": "::sync status is 200",
                    "id": "e71464e1d2d6ee4f291cbb42bbcbb5bd",
                    "passes": 2,
                    "fails": 17
                },
                "post status is 200": {
                    "path": "::post status is 200",
                    "id": "1504cfaf2d796e0392f20e365675baf3",
                    "passes": 2,
                    "fails": 38,
                    "name": "post status is 200"
                }
            },
        "name": ""
    }
}