{
    "metrics": {
        "http_req_waiting": {
            "med": 493.9267,
            "max": 6294.9495,
            "p(90)": 1066.2020200000004,
            "p(95)": 1365.5221999999999,
            "p(99)": 1842.360316,
            "avg": 617.789697873733,
            "min": 74.1461
        },
        "vus_max": {
            "value": 250,
            "min": 250,
            "max": 250
        },
        "vus": {
            "value": 1,
            "min": 1,
            "max": 250
        },
        "http_req_blocked": {
            "min": 0,
            "med": 0,
            "max": 9197.7564,
            "p(90)": 0,
            "p(95)": 396.2273999999993,
            "p(99)": 1358.9691040000023,
            "avg": 74.21646238141969
        },
        "data_sent": {
            "count": 1276303,
            "rate": 36687.119450539714
        },
        "http_req_tls_handshaking": {
            "max": 9020.7432,
            "p(90)": 0,
            "p(95)": 261.3432,
            "p(99)": 763.9435560000001,
            "avg": 59.01240716388621,
            "min": 0,
            "med": 0
        },
        "checks": {
            "passes": 3008,
            "fails": 49,
            "value": 0.9839712136081126
        },
        "data_received": {
            "count": 42692667,
            "rate": 1227193.6788451606
        },
        "http_reqs": {
            "count": 3057,
            "rate": 87.87296132681652
        },
        "iteration_duration": {
            "p(99)": 5091.614984000001,
            "avg": 1296.193616650312,
            "min": 180.0133,
            "med": 1051.8417,
            "max": 34786.9832,
            "p(90)": 2179.4251600000002,
            "p(95)": 2580.709939999999
        },
        "http_req_duration": {
            "avg": 1121.3253487405943,
            "min": 74.1461,
            "med": 931.254,
            "max": 34139.0285,
            "p(90)": 1869.76286,
            "p(95)": 2139.4360599999995,
            "p(99)": 4212.1292,
            "thresholds": {
                "p(95)<500": true,
                "p(99)<1500": true
            }
        },
        "http_req_duration{expected_response:true}": {
            "max": 8555.797,
            "p(90)": 1871.23325,
            "p(95)": 2137.3527450000006,
            "p(99)": 4118.7940589999835,
            "avg": 1095.2061683510624,
            "min": 374.8511,
            "med": 932.2777
        },
        "http_req_receiving": {
            "med": 279.3218,
            "max": 33177.9975,
            "p(90)": 1144.77014,
            "p(95)": 1435.0755599999995,
            "p(99)": 3255.2710400000014,
            "avg": 503.4982298331696,
            "min": 0
        },
        "http_req_connecting": {
            "p(99)": 181.35848800000008,
            "avg": 14.280133922145888,
            "min": 0,
            "med": 0,
            "max": 1209.4281,
            "p(90)": 0,
            "p(95)": 145.41798
        },
        "iterations": {
            "count": 3057,
            "rate": 87.87296132681652
        },
        "http_req_failed": {
            "passes": 49,
            "fails": 3008,
            "thresholds": {
                "rate<0.01": true
            },
            "value": 0.01602878639188747
        },
        "http_req_sending": {
            "max": 0.8666,
            "p(90)": 0,
            "p(95)": 0.3827,
            "p(99)": 0.599,
            "avg": 0.037421033693163235,
            "min": 0,
            "med": 0
        }
    },
    "root_group": {
        "id": "d41d8cd98f00b204e9800998ecf8427e",
        "groups": {},
        "checks": {
                "post status is 200": {
                    "name": "post status is 200",
                    "path": "::post status is 200",
                    "id": "1504cfaf2d796e0392f20e365675baf3",
                    "passes": 539,
                    "fails": 5
                },
                "get status is 200": {
                    "fails": 41,
                    "name": "get status is 200",
                    "path": "::get status is 200",
                    "id": "46c14443ccfc46895452edbdd9a45435",
                    "passes": 2162
                },
                "sync status is 200": {
                    "name": "sync status is 200",
                    "path": "::sync status is 200",
                    "id": "e71464e1d2d6ee4f291cbb42bbcbb5bd",
                    "passes": 307,
                    "fails": 3
                }
            },
        "name": "",
        "path": ""
    }
}