{
    "metrics": {
        "http_req_connecting": {
            "p(99)": 305.7283,
            "avg": 34.108940696812404,
            "min": 0,
            "med": 0,
            "max": 340.824,
            "p(90)": 173.02619000000078,
            "p(95)": 237.0386
        },
        "http_req_waiting": {
            "avg": 860.6125190140838,
            "min": 0,
            "med": 617.43435,
            "max": 30693.368,
            "p(90)": 1516.2831700000008,
            "p(95)": 1928.6791800000008,
            "p(99)": 3211.93170200002
        },
        "http_req_receiving": {
            "min": 0,
            "med": 870.1224,
            "max": 37534.0385,
            "p(90)": 3509.298540000002,
            "p(95)": 5944.36545,
            "p(99)": 30534.931399,
            "avg": 1768.5416616382518
        },
        "vus": {
            "value": 3,
            "min": 3,
            "max": 500
        },
        "http_req_failed": {
            "passes": 42,
            "fails": 2656,
            "thresholds": {
                "rate<0.01": true
            },
            "value": 0.015567086730911787
        },
        "iterations": {
            "count": 2698,
            "rate": 64.54863302515204
        },
        "http_req_tls_handshaking": {
            "min": 0,
            "med": 0,
            "max": 28872.8641,
            "p(90)": 915.2269000000009,
            "p(95)": 2968.2079500000004,
            "p(99)": 8623.071450000001,
            "avg": 462.7000577464786
        },
        "http_req_sending": {
            "p(99)": 0.6364360000000002,
            "avg": 0.0585350630096368,
            "min": 0,
            "med": 0,
            "max": 1.8502,
            "p(90)": 0.3442000000000002,
            "p(95)": 0.51093
        },
        "data_received": {
            "count": 36818076,
            "rate": 880858.5902209629
        },
        "iteration_duration": {
            "p(95)": 9737.040810000008,
            "p(99)": 32428.099391000087,
            "avg": 3335.7526930318772,
            "min": 549.4917,
            "med": 2063.25245,
            "max": 39639.7318,
            "p(90)": 6043.370150000001
        },
        "vus_max": {
            "value": 500,
            "min": 500,
            "max": 500
        },
        "http_reqs": {
            "count": 2698,
            "rate": 64.54863302515204
        },
        "http_req_blocked": {
            "min": 0,
            "med": 0,
            "max": 29160.498,
            "p(90)": 1063.1321900000019,
            "p(95)": 3199.52902,
            "p(99)": 8798.654346000008,
            "avg": 497.97256945885863
        },
        "checks": {
            "passes": 2656,
            "fails": 42,
            "value": 0.9844329132690882
        },
        "http_req_duration{expected_response:true}": {
            "p(95)": 6068.23885,
            "p(99)": 11685.031009999964,
            "avg": 2259.960402447287,
            "min": 311.7199,
            "med": 1754.8987,
            "max": 22529.4857,
            "p(90)": 4116.8659
        },
        "data_sent": {
            "count": 1591461,
            "rate": 38075.104545159935
        },
        "http_req_duration": {
            "avg": 2629.212715715343,
            "min": 0,
            "med": 1763.2512000000002,
            "max": 38095.783,
            "p(90)": 4458.621570000001,
            "p(95)": 6998.4130700000005,
            "p(99)": 31175.475536000038,
            "thresholds": {
                "p(95)<500": true,
                "p(99)<1500": true
            }
        }
    },
    "root_group": {
        "checks": {
            "post status is 200": {
                "name": "post status is 200",
                "path": "::post status is 200",
                "id": "1504cfaf2d796e0392f20e365675baf3",
                "passes": 569,
                "fails": 5
            },
            "sync status is 200": {
                "id": "e71464e1d2d6ee4f291cbb42bbcbb5bd",
                "passes": 262,
                "fails": 0,
                "name": "sync status is 200",
                "path": "::sync status is 200"
            },
            "get status is 200": {
                "name": "get status is 200",
                "path": "::get status is 200",
                "id": "46c14443ccfc46895452edbdd9a45435",
                "passes": 1825,
                "fails": 37
            }
        },
        "name": "",
        "path": "",
        "id": "d41d8cd98f00b204e9800998ecf8427e",
        "groups": {}
    }
}