{
    "metrics": {
        "http_req_receiving": {
            "avg": 470.24731958400093,
            "min": 0,
            "med": 263.6721,
            "max": 33918.1874,
            "p(90)": 1119.0422999999998,
            "p(95)": 1475.613719999999,
            "p(99)": 3123.269803999998
        },
        "http_req_failed": {
            "passes": 3,
            "fails": 3122,
            "thresholds": {
                "rate<0.01": false
            },
            "value": 0.00096
        },
        "http_req_connecting": {
            "p(95)": 114.4372,
            "p(99)": 182.18048399999986,
            "avg": 10.666034336000015,
            "min": 0,
            "med": 0,
            "max": 200.3889,
            "p(90)": 0
        },
        "http_req_duration{expected_response:true}": {
            "p(95)": 2086.2532749999987,
            "p(99)": 3771.3503619999983,
            "avg": 1042.4044691543884,
            "min": 344.045,
            "med": 877.1404500000001,
            "max": 12717.192,
            "p(90)": 1735.3835600000002
        },
        "vus": {
            "value": 1,
            "min": 1,
            "max": 250
        },
        "http_req_duration": {
            "avg": 1063.1880936000002,
            "min": 0,
            "med": 877.1755,
            "max": 34413.5786,
            "p(90)": 1737.8575599999997,
            "p(95)": 2087.2252399999998,
            "p(99)": 3817.955371999989,
            "thresholds": {
                "p(99)<1500": true,
                "p(95)<500": true
            }
        },
        "http_req_blocked": {
            "avg": 84.545088544,
            "min": 0,
            "med": 0,
            "max": 15071.9881,
            "p(90)": 0,
            "p(95)": 395.8345399999999,
            "p(99)": 2186.4153399999996
        },
        "iterations": {
            "count": 3125,
            "rate": 88.6985899353832
        },
        "vus_max": {
            "value": 250,
            "min": 250,
            "max": 250
        },
        "http_reqs": {
            "rate": 88.6985899353832,
            "count": 3125
        },
        "data_received": {
            "rate": 1204096.840558497,
            "count": 42422350
        },
        "iteration_duration": {
            "max": 35231.6762,
            "p(90)": 2065.1077599999994,
            "p(95)": 2580.493619999999,
            "p(99)": 5314.401295999981,
            "avg": 1258.4054081599982,
            "min": 444.6402,
            "med": 993.4433
        },
        "checks": {
            "passes": 3122,
            "fails": 3,
            "value": 0.99904
        },
        "data_sent": {
            "count": 1228464,
            "rate": 34868.16786764179
        },
        "http_req_tls_handshaking": {
            "avg": 72.51087468799999,
            "min": 0,
            "med": 0,
            "max": 14905.9869,
            "p(90)": 0,
            "p(95)": 264.0085999999996,
            "p(99)": 1986.4880639999994
        },
        "http_req_waiting": {
            "p(90)": 875.44584,
            "p(95)": 1165.9885999999985,
            "p(99)": 1669.7751999999994,
            "avg": 592.8850794240002,
            "min": 0,
            "med": 499.8473,
            "max": 5667.5163
        },
        "http_req_sending": {
            "p(99)": 0.5849,
            "avg": 0.055694591999999966,
            "min": 0,
            "med": 0,
            "max": 0.791,
            "p(90)": 0.33684,
            "p(95)": 0.4665399999999998
        }
    },
    "root_group": {
        "groups": {},
        "checks": {
                "post status is 200": {
                    "name": "post status is 200",
                    "path": "::post status is 200",
                    "id": "1504cfaf2d796e0392f20e365675baf3",
                    "passes": 660,
                    "fails": 0
                },
                "sync status is 200": {
                    "id": "e71464e1d2d6ee4f291cbb42bbcbb5bd",
                    "passes": 301,
                    "fails": 0,
                    "name": "sync status is 200",
                    "path": "::sync status is 200"
                },
                "get status is 200": {
                    "id": "46c14443ccfc46895452edbdd9a45435",
                    "passes": 2161,
                    "fails": 3,
                    "name": "get status is 200",
                    "path": "::get status is 200"
                }
            },
        "name": "",
        "path": "",
        "id": "d41d8cd98f00b204e9800998ecf8427e"
    }
}