{
    "root_group": {
        "name": "",
        "path": "",
        "id": "d41d8cd98f00b204e9800998ecf8427e",
        "groups": {},
        "checks": {
                "post status is 200": {
                    "name": "post status is 200",
                    "path": "::post status is 200",
                    "id": "1504cfaf2d796e0392f20e365675baf3",
                    "passes": 505,
                    "fails": 3
                },
                "sync status is 200": {
                    "name": "sync status is 200",
                    "path": "::sync status is 200",
                    "id": "e71464e1d2d6ee4f291cbb42bbcbb5bd",
                    "passes": 259,
                    "fails": 6
                },
                "get status is 200": {
                    "name": "get status is 200",
                    "path": "::get status is 200",
                    "id": "46c14443ccfc46895452edbdd9a45435",
                    "passes": 1804,
                    "fails": 37
                }
            }
    },
    "metrics": {
        "http_req_tls_handshaking": {
            "med": 0,
            "max": 20555.8371,
            "p(90)": 881.836620000001,
            "p(95)": 2555.375604999997,
            "p(99)": 8766.394746,
            "avg": 424.7606449885234,
            "min": 0
        },
        "iterations": {
            "rate": 58.08763303426269,
            "count": 2614
        },
        "http_req_connecting": {
            "p(95)": 253.92860499999995,
            "p(99)": 299.8188,
            "avg": 51.98407907421569,
            "min": 0,
            "med": 0,
            "max": 3403.2276,
            "p(90)": 179.09201000000004
        },
        "vus": {
            "value": 1,
            "min": 1,
            "max": 500
        },
        "http_req_sending": {
            "min": 0,
            "med": 0,
            "max": 1.2147,
            "p(90)": 0.32077,
            "p(95)": 0.46869999999999984,
            "p(99)": 0.6088349999999999,
            "avg": 0.0523516832440704
        },
        "vus_max": {
            "value": 500,
            "min": 500,
            "max": 500
        },
        "data_received": {
            "count": 36316954,
            "rate": 807025.9743206574
        },
        "http_req_duration{expected_response:true}": {
            "p(99)": 10161.387981999998,
            "avg": 2325.7442371105967,
            "min": 327.0913,
            "med": 1825.74035,
            "max": 16801.4528,
            "p(90)": 4308.294470000002,
            "p(95)": 5855.9114150000005
        },
        "http_req_receiving": {
            "p(99)": 16062.75238599996,
            "avg": 1649.9369160290746,
            "min": 0,
            "med": 924.82095,
            "max": 35574.1317,
            "p(90)": 3319.5237800000077,
            "p(95)": 5210.325449999997
        },
        "http_req_duration": {
            "p(95)": 6597.525629999997,
            "p(99)": 16659.215505999968,
            "avg": 2599.6447359219633,
            "min": 0,
            "med": 1826.72185,
            "max": 36576.1166,
            "p(90)": 4427.058200000003,
            "thresholds": {
                "p(95)<500": true,
                "p(99)<1500": true
            }
        },
        "http_req_waiting": {
            "min": 0,
            "med": 634.5853999999999,
            "max": 14354.971,
            "p(90)": 1673.3092300000008,
            "p(95)": 2071.5476899999985,
            "p(99)": 4589.25857499999,
            "avg": 949.6554682096398
        },
        "checks": {
            "passes": 2568,
            "fails": 46,
            "value": 0.9824024483550114
        },
        "iteration_duration": {
            "p(99)": 32448.351214999977,
            "avg": 3437.780400918131,
            "min": 465.8194,
            "med": 2170.442,
            "max": 38028.7752,
            "p(90)": 6441.9038,
            "p(95)": 9400.858359999998
        },
        "http_req_blocked": {
            "avg": 478.4856675210407,
            "min": 0,
            "med": 0,
            "max": 20847.4444,
            "p(90)": 1346.131830000002,
            "p(95)": 2954.0708449999997,
            "p(99)": 8966.500417
        },
        "http_reqs": {
            "count": 2614,
            "rate": 58.08763303426269
        },
        "data_sent": {
            "count": 1551818,
            "rate": 34484.098898226264
        },
        "http_req_failed": {
            "passes": 46,
            "fails": 2568,
            "thresholds": {
                "rate<0.01": true
            },
            "value": 0.017597551644988524
        }
    }
}