{
    "metrics": {
        "data_received": {
            "count": 28745438,
            "rate": 2671464.3185722055
        },
        "http_req_blocked": {
            "avg": 11.36196953801732,
            "min": 0,
            "med": 0,
            "max": 306.444,
            "p(90)": 0,
            "p(95)": 0,
            "p(99)": 275.74003700000003
        },
        "http_req_tls_handshaking": {
            "p(99)": 155.50333500000002,
            "avg": 6.295618671799808,
            "min": 0,
            "med": 0,
            "max": 179.8046,
            "p(90)": 0,
            "p(95)": 0
        },
        "http_req_waiting": {
            "avg": 342.2385830125112,
            "min": 294.422,
            "med": 328.78430000000003,
            "max": 1141.9742,
            "p(90)": 375.03217,
            "p(95)": 415.1336049999998,
            "p(99)": 602.536923
        },
        "vus": {
            "min": 100,
            "max": 100,
            "value": 100
        },
        "http_req_duration": {
            "min": 299.3844,
            "med": 357.3738,
            "max": 1398.4489,
            "p(90)": 406.6062,
            "p(95)": 529.8178449999999,
            "p(99)": 870.1157370000002,
            "avg": 379.30129634263545,
            "thresholds": {
                "p(95)<500": true,
                "p(99)<1500": false
            }
        },
        "http_req_connecting": {
            "avg": 4.332001299326274,
            "min": 0,
            "med": 0,
            "max": 111.0998,
            "p(90)": 0,
            "p(95)": 0,
            "p(99)": 100.66767200000001
        },
        "data_sent": {
            "rate": 65261.82404897227,
            "count": 702229
        },
        "iterations": {
            "count": 2078,
            "rate": 193.11943877818257
        },
        "iteration_duration": {
            "min": 400.1296,
            "med": 458.1531,
            "max": 1801.0686,
            "p(90)": 509.09968,
            "p(95)": 727.9362149999988,
            "p(99)": 1143.3507,
            "avg": 491.3348296920119
        },
        "http_req_failed": {
            "passes": 0,
            "fails": 2078,
            "thresholds": {
                "rate<0.01": false
            },
            "value": 0
        },
        "http_req_duration{expected_response:true}": {
            "avg": 379.30129634263545,
            "min": 299.3844,
            "med": 357.3738,
            "max": 1398.4489,
            "p(90)": 406.6062,
            "p(95)": 529.8178449999999,
            "p(99)": 870.1157370000002
        },
        "vus_max": {
            "value": 100,
            "min": 100,
            "max": 100
        },
        "http_req_receiving": {
            "med": 28.16205,
            "max": 962.1728,
            "p(90)": 59.78032999999999,
            "p(95)": 79.4699,
            "p(99)": 376.9647120000009,
            "avg": 37.03551992300288,
            "min": 0
        },
        "checks": {
            "passes": 2078,
            "fails": 0,
            "value": 1
        },
        "http_req_sending": {
            "p(99)": 0.529869,
            "avg": 0.02719340712223293,
            "min": 0,
            "med": 0,
            "max": 0.7916,
            "p(90)": 0,
            "p(95)": 0.3211549999999998
        },
        "http_reqs": {
            "count": 2078,
            "rate": 193.11943877818257
        }
    },
    "root_group": {
        "path": "",
        "id": "d41d8cd98f00b204e9800998ecf8427e",
        "groups": {},
        "checks": {
                "post status is 200": {
                    "name": "post status is 200",
                    "path": "::post status is 200",
                    "id": "1504cfaf2d796e0392f20e365675baf3",
                    "passes": 414,
                    "fails": 0
                },
                "sync status is 200": {
                    "path": "::sync status is 200",
                    "id": "e71464e1d2d6ee4f291cbb42bbcbb5bd",
                    "passes": 190,
                    "fails": 0,
                    "name": "sync status is 200"
                },
                "get status is 200": {
                    "name": "get status is 200",
                    "path": "::get status is 200",
                    "id": "46c14443ccfc46895452edbdd9a45435",
                    "passes": 1474,
                    "fails": 0
                }
            },
        "name": ""
    }
}