{
    "root_group": {
        "name": "",
        "path": "",
        "id": "d41d8cd98f00b204e9800998ecf8427e",
        "groups": {},
        "checks": {
                "post status is 200": {
                    "name": "post status is 200",
                    "path": "::post status is 200",
                    "id": "1504cfaf2d796e0392f20e365675baf3",
                    "passes": 388,
                    "fails": 0
                },
                "sync status is 200": {
                    "name": "sync status is 200",
                    "path": "::sync status is 200",
                    "id": "e71464e1d2d6ee4f291cbb42bbcbb5bd",
                    "passes": 219,
                    "fails": 0
                },
                "get status is 200": {
                    "name": "get status is 200",
                    "path": "::get status is 200",
                    "id": "46c14443ccfc46895452edbdd9a45435",
                    "passes": 1436,
                    "fails": 0
                }
            }
    },
    "metrics": {
        "http_reqs": {
            "count": 2043,
            "rate": 190.76725872463507
        },
        "checks": {
            "fails": 0,
            "passes": 2043,
            "value": 1
        },
        "data_sent": {
            "count": 711001,
            "rate": 66390.46094981609
        },
        "data_received": {
            "count": 28018588,
            "rate": 2616264.9173249905
        },
        "http_req_waiting": {
            "max": 832.9728,
            "p(90)": 435.95254,
            "p(95)": 465.36843999999996,
            "p(99)": 624.3858639999996,
            "avg": 352.98521899167906,
            "min": 293.6059,
            "med": 333.404
        },
        "http_req_tls_handshaking": {
            "p(90)": 0,
            "p(95)": 0,
            "p(99)": 167.67794999999984,
            "avg": 6.602939598629465,
            "min": 0,
            "med": 0,
            "max": 193.1944
        },
        "iterations": {
            "count": 2043,
            "rate": 190.76725872463507
        },
        "http_req_sending": {
            "p(99)": 0.5059219999999999,
            "avg": 0.026263631913852174,
            "min": 0,
            "med": 0,
            "max": 0.7571,
            "p(90)": 0,
            "p(95)": 0.3216199999999999
        },
        "vus": {
            "value": 100,
            "min": 100,
            "max": 100
        },
        "iteration_duration": {
            "avg": 502.12592873225645,
            "min": 402.4789,
            "med": 461.9594,
            "max": 1437.7066,
            "p(90)": 602.01604,
            "p(95)": 733.7643999999993,
            "p(99)": 1130.7194039999997
        },
        "vus_max": {
            "max": 100,
            "value": 100,
            "min": 100
        },
        "http_req_receiving": {
            "p(95)": 113.67696999999966,
            "p(99)": 380.0094999999998,
            "avg": 37.07244586392562,
            "min": 0,
            "med": 28.1553,
            "max": 556.344,
            "p(90)": 67.0783
        },
        "http_req_duration{expected_response:true}": {
            "avg": 390.0839284875183,
            "min": 302.0285,
            "med": 361.1824,
            "max": 1042.8908,
            "p(90)": 493.7931599999999,
            "p(95)": 567.7811499999999,
            "p(99)": 820.0979959999999
        },
        "http_req_blocked": {
            "avg": 11.391297454723444,
            "min": 0,
            "med": 0,
            "max": 307.9175,
            "p(90)": 0,
            "p(95)": 0,
            "p(99)": 274.8026659999998
        },
        "http_req_duration": {
            "p(99)": 820.0979959999999,
            "avg": 390.0839284875183,
            "min": 302.0285,
            "med": 361.1824,
            "max": 1042.8908,
            "p(90)": 493.7931599999999,
            "p(95)": 567.7811499999999,
            "thresholds": {
                "p(95)<500": true,
                "p(99)<1500": false
            }
        },
        "http_req_failed": {
            "passes": 0,
            "fails": 2043,
            "thresholds": {
                "rate<0.01": false
            },
            "value": 0
        },
        "http_req_connecting": {
            "max": 99.6339,
            "p(90)": 0,
            "p(95)": 0,
            "p(99)": 92.6041,
            "avg": 4.066061233480176,
            "min": 0,
            "med": 0
        }
    }
}