{
    "root_group": {
        "path": "",
        "id": "d41d8cd98f00b204e9800998ecf8427e",
        "groups": {},
        "checks": {
                "post status is 200": {
                    "id": "1504cfaf2d796e0392f20e365675baf3",
                    "passes": 382,
                    "fails": 0,
                    "name": "post status is 200",
                    "path": "::post status is 200"
                },
                "sync status is 200": {
                    "passes": 203,
                    "fails": 0,
                    "name": "sync status is 200",
                    "path": "::sync status is 200",
                    "id": "e71464e1d2d6ee4f291cbb42bbcbb5bd"
                },
                "get status is 200": {
                    "name": "get status is 200",
                    "path": "::get status is 200",
                    "id": "46c14443ccfc46895452edbdd9a45435",
                    "passes": 1351,
                    "fails": 0
                }
            },
        "name": ""
    },
    "metrics": {
        "http_req_receiving": {
            "max": 876.0339,
            "p(90)": 148.96210000000002,
            "p(95)": 307.161425,
            "p(99)": 581.2999350000002,
            "avg": 58.41490030991733,
            "min": 0,
            "med": 30.247300000000003
        },
        "vus_max": {
            "max": 100,
            "value": 100,
            "min": 100
        },
        "iteration_duration": {
            "max": 1526.3766,
            "p(90)": 706.6424,
            "p(95)": 961.9096999999999,
            "p(99)": 1288.73065,
            "avg": 529.9301874483475,
            "min": 400.6346,
            "med": 468.1665
        },
        "http_req_tls_handshaking": {
            "avg": 6.0184611053719,
            "min": 0,
            "med": 0,
            "max": 159.8141,
            "p(90)": 0,
            "p(95)": 83.660475,
            "p(99)": 143.48351500000007
        },
        "data_received": {
            "count": 26386570,
            "rate": 2506822.073990676
        },
        "iterations": {
            "count": 1936,
            "rate": 183.9271847476178
        },
        "vus": {
            "min": 100,
            "max": 100,
            "value": 100
        },
        "http_req_blocked": {
            "avg": 11.162096022727276,
            "min": 0,
            "med": 0,
            "max": 281.2472,
            "p(90)": 0,
            "p(95)": 165.4571,
            "p(99)": 256.76913500000006
        },
        "http_req_connecting": {
            "med": 0,
            "max": 106.8711,
            "p(90)": 0,
            "p(95)": 65.615725,
            "p(99)": 98.129,
            "avg": 4.408072675619836,
            "min": 0
        },
        "checks": {
            "passes": 1936,
            "fails": 0,
            "value": 1
        },
        "http_req_failed": {
            "fails": 1936,
            "passes": 0,
            "thresholds": {
                "rate<0.01": false
            },
            "value": 0
        },
        "http_req_sending": {
            "p(95)": 0.4118,
            "p(99)": 0.5765450000000003,
            "avg": 0.04935702479338846,
            "min": 0,
            "med": 0,
            "max": 0.9939,
            "p(90)": 0.31945
        },
        "data_sent": {
            "count": 687093,
            "rate": 65276.38489142301
        },
        "http_req_duration{expected_response:true}": {
            "p(99)": 1006.8000500000006,
            "avg": 418.08199777892577,
            "min": 300.0941,
            "med": 367.2566,
            "max": 1277.8654,
            "p(90)": 588.3648499999999,
            "p(95)": 764.971675
        },
        "http_req_waiting": {
            "avg": 359.6177404442153,
            "min": 294.5963,
            "med": 336.75154999999995,
            "max": 1002.3053,
            "p(90)": 413.6272,
            "p(95)": 516.2375,
            "p(99)": 689.7992700000004
        },
        "http_req_duration": {
            "med": 367.2566,
            "max": 1277.8654,
            "p(90)": 588.3648499999999,
            "p(95)": 764.971675,
            "p(99)": 1006.8000500000006,
            "avg": 418.08199777892577,
            "min": 300.0941,
            "thresholds": {
                "p(95)<500": true,
                "p(99)<1500": false
            }
        },
        "http_reqs": {
            "count": 1936,
            "rate": 183.9271847476178
        }
    }
}