{
    "metrics": {
        "http_reqs": {
            "count": 229,
            "rate": 21.832598370847695
        },
        "vus_max": {
            "max": 10,
            "value": 10,
            "min": 10
        },
        "http_req_waiting": {
            "p(99)": 477.13715999999994,
            "avg": 322.57811615720516,
            "min": 291.7964,
            "med": 311.695,
            "max": 571.554,
            "p(90)": 360.10123999999996,
            "p(95)": 397.00694
        },
        "checks": {
            "passes": 229,
            "fails": 0,
            "value": 1
        },
        "vus": {
            "value": 10,
            "min": 10,
            "max": 10
        },
        "data_received": {
            "count": 3116780,
            "rate": 297150.2443244134
        },
        "http_req_failed": {
            "passes": 0,
            "fails": 229,
            "thresholds": {
                "rate<0.01": false
            },
            "value": 0
        },
        "http_req_duration{expected_response:true}": {
            "med": 330.8572,
            "max": 594.3827,
            "p(90)": 398.2987800000001,
            "p(95)": 413.8755,
            "p(99)": 487.522152,
            "avg": 343.026551091703,
            "min": 301.0427
        },
        "http_req_receiving": {
            "avg": 20.37500917030566,
            "min": 0,
            "med": 24.3416,
            "max": 114.308,
            "p(90)": 29.83628,
            "p(95)": 47.72765999999997,
            "p(99)": 96.96079999999999
        },
        "http_req_duration": {
            "p(90)": 398.2987800000001,
            "p(95)": 413.8755,
            "p(99)": 487.522152,
            "avg": 343.026551091703,
            "min": 301.0427,
            "med": 330.8572,
            "max": 594.3827,
            "thresholds": {
                "p(95)<500": false,
                "p(99)<1500": false
            }
        },
        "iteration_duration": {
            "p(90)": 510.0622,
            "p(95)": 588.4664,
            "p(99)": 685.7509,
            "avg": 451.28027292576394,
            "min": 401.5342,
            "med": 432.945,
            "max": 695.5592
        },
        "http_req_sending": {
            "min": 0,
            "med": 0,
            "max": 0.6674,
            "p(90)": 0.33740000000000003,
            "p(95)": 0.4038399999999999,
            "p(99)": 0.5624919999999999,
            "avg": 0.07342576419213971
        },
        "http_req_connecting": {
            "avg": 2.8411043668122273,
            "min": 0,
            "med": 0,
            "max": 66.4975,
            "p(90)": 0,
            "p(95)": 0,
            "p(99)": 65.8667
        },
        "iterations": {
            "count": 229,
            "rate": 21.832598370847695
        },
        "http_req_tls_handshaking": {
            "p(99)": 93.0164,
            "avg": 4.0167484716157205,
            "min": 0,
            "med": 0,
            "max": 93.7125,
            "p(90)": 0,
            "p(95)": 0
        },
        "data_sent": {
            "count": 77555,
            "rate": 7394.005094546257
        },
        "http_req_blocked": {
            "avg": 7.550863755458514,
            "min": 0,
            "med": 0,
            "max": 173.1235,
            "p(90)": 0,
            "p(95)": 0,
            "p(99)": 173.1235
        }
    },
    "root_group": {
        "name": "",
        "path": "",
        "id": "d41d8cd98f00b204e9800998ecf8427e",
        "groups": {},
        "checks": {
                "post status is 200": {
                    "path": "::post status is 200",
                    "id": "1504cfaf2d796e0392f20e365675baf3",
                    "passes": 47,
                    "fails": 0,
                    "name": "post status is 200"
                },
                "sync status is 200": {
                    "passes": 22,
                    "fails": 0,
                    "name": "sync status is 200",
                    "path": "::sync status is 200",
                    "id": "e71464e1d2d6ee4f291cbb42bbcbb5bd"
                },
                "get status is 200": {
                    "name": "get status is 200",
                    "path": "::get status is 200",
                    "id": "46c14443ccfc46895452edbdd9a45435",
                    "passes": 160,
                    "fails": 0
                }
            }
    }
}