{
    "root_group": {
        "groups": {},
        "checks": {
                "post status is 200": {
                    "name": "post status is 200",
                    "path": "::post status is 200",
                    "id": "1504cfaf2d796e0392f20e365675baf3",
                    "passes": 549,
                    "fails": 4
                },
                "sync status is 200": {
                    "name": "sync status is 200",
                    "path": "::sync status is 200",
                    "id": "e71464e1d2d6ee4f291cbb42bbcbb5bd",
                    "passes": 261,
                    "fails": 5
                },
                "get status is 200": {
                    "name": "get status is 200",
                    "path": "::get status is 200",
                    "id": "46c14443ccfc46895452edbdd9a45435",
                    "passes": 1880,
                    "fails": 44
                }
            },
        "name": "",
        "path": "",
        "id": "d41d8cd98f00b204e9800998ecf8427e"
    },
    "metrics": {
        "http_reqs": {
            "count": 2743,
            "rate": 60.95403292381312
        },
        "http_req_failed": {
            "passes": 53,
            "fails": 2690,
            "thresholds": {
                "rate<0.01": true
            },
            "value": 0.01932191031717098
        },
        "vus": {
            "value": 3,
            "min": 3,
            "max": 500
        },
        "data_received": {
            "count": 37854906,
            "rate": 841199.1201793113
        },
        "http_req_blocked": {
            "avg": 487.8841331024424,
            "min": 0,
            "med": 0,
            "max": 22394.6375,
            "p(90)": 1402.259400000006,
            "p(95)": 3295.389630000003,
            "p(99)": 9185.11965599998
        },
        "checks": {
            "passes": 2690,
            "fails": 53,
            "value": 0.980678089682829
        },
        "data_sent": {
            "count": 1581420,
            "rate": 35141.78882478183
        },
        "http_req_sending": {
            "p(99)": 0.6207319999999996,
            "avg": 0.049573204520597866,
            "min": 0,
            "med": 0,
            "max": 1.4145,
            "p(90)": 0.30366000000000004,
            "p(95)": 0.4901300000000004
        },
        "iterations": {
            "count": 2743,
            "rate": 60.95403292381312
        },
        "iteration_duration": {
            "max": 37109.5048,
            "p(90)": 6329.875760000002,
            "p(95)": 9381.263250000002,
            "p(99)": 32365.072809999983,
            "avg": 3247.701426686115,
            "min": 584.6701,
            "med": 1906.1226
        },
        "http_req_tls_handshaking": {
            "p(95)": 3039.1655200000014,
            "p(99)": 8952.036209999978,
            "avg": 450.48481786365267,
            "min": 0,
            "med": 0,
            "max": 22073.4741,
            "p(90)": 1155.701000000001
        },
        "vus_max": {
            "value": 500,
            "min": 500,
            "max": 500
        },
        "http_req_duration{expected_response:true}": {
            "avg": 2075.2916908178445,
            "min": 450.9004,
            "med": 1621.1525000000001,
            "max": 24560.8397,
            "p(90)": 3932.19056,
            "p(95)": 5432.739144999995,
            "p(99)": 9009.873094
        },
        "http_req_receiving": {
            "p(95)": 5104.271730000003,
            "p(99)": 29911.496215999967,
            "avg": 1551.01766328837,
            "min": 0,
            "med": 767.5063,
            "max": 35302.6284,
            "p(90)": 3167.8638600000018
        },
        "http_req_connecting": {
            "p(99)": 312.8799,
            "avg": 35.55212916514767,
            "min": 0,
            "med": 0,
            "max": 1383.0283,
            "p(90)": 174.5252,
            "p(95)": 253.4096
        },
        "http_req_duration": {
            "p(95)": 6314.785040000003,
            "p(99)": 31066.258551999996,
            "avg": 2399.4804561793667,
            "min": 0,
            "med": 1625.5462,
            "max": 36354.584,
            "p(90)": 4056.8590200000012,
            "thresholds": {
                "p(95)<500": true,
                "p(99)<1500": true
            }
        },
        "http_req_waiting": {
            "min": 0,
            "med": 590.7529,
            "max": 30595.646,
            "p(90)": 1442.43406,
            "p(95)": 1833.7730600000002,
            "p(99)": 3525.6278199999983,
            "avg": 848.413219686474
        }
    }
}