{
    "metrics": {
        "vus_max": {
            "value": 250,
            "min": 250,
            "max": 250
        },
        "http_req_duration": {
            "p(95)": 2154.239614999999,
            "p(99)": 3350.442584000001,
            "avg": 1151.391932281879,
            "min": 336.7752,
            "med": 1075.1143000000002,
            "max": 30703.0725,
            "p(90)": 1798.7867999999999,
            "thresholds": {
                "p(95)<500": true,
                "p(99)<1500": true
            }
        },
        "http_reqs": {
            "count": 2980,
            "rate": 88.01071131704042
        },
        "vus": {
            "min": 1,
            "max": 250,
            "value": 1
        },
        "iteration_duration": {
            "p(95)": 2383.917995,
            "p(99)": 3754.4650850000007,
            "avg": 1307.1950854697975,
            "min": 437.1247,
            "med": 1235.9270999999999,
            "max": 30803.3144,
            "p(90)": 1987.24252
        },
        "data_received": {
            "count": 40153496,
            "rate": 1185885.1492704488
        },
        "data_sent": {
            "count": 1204702,
            "rate": 35579.422800356115
        },
        "http_req_sending": {
            "avg": 0.032853255033557016,
            "min": 0,
            "med": 0,
            "max": 1.0213,
            "p(90)": 0,
            "p(95)": 0.3397,
            "p(99)": 0.5334260000000001
        },
        "http_req_failed": {
            "fails": 2979,
            "passes": 1,
            "thresholds": {
                "rate<0.01": false
            },
            "value": 0.0003355704697986577
        },
        "http_req_tls_handshaking": {
            "avg": 42.931203456375826,
            "min": 0,
            "med": 0,
            "max": 7630.3507,
            "p(90)": 0,
            "p(95)": 226.77934499999984,
            "p(99)": 1186.9839610000001
        },
        "http_req_connecting": {
            "med": 0,
            "max": 184.0857,
            "p(90)": 0,
            "p(95)": 113.0716,
            "p(99)": 168.6650530000001,
            "avg": 10.623543758389257,
            "min": 0
        },
        "http_req_receiving": {
            "max": 30155.6756,
            "p(90)": 1218.0225799999996,
            "p(95)": 1506.2101349999996,
            "p(99)": 2511.1988300000007,
            "avg": 500.2158236241623,
            "min": 0,
            "med": 325.3862
        },
        "http_req_waiting": {
            "med": 519.05105,
            "max": 11896.1955,
            "p(90)": 1167.9419799999998,
            "p(95)": 1391.9971599999997,
            "p(99)": 1737.2582540000005,
            "avg": 651.1432554026859,
            "min": 322.0118
        },
        "http_req_blocked": {
            "min": 0,
            "med": 0,
            "max": 7808.7186,
            "p(90)": 0,
            "p(95)": 361.62155999999965,
            "p(99)": 1373.8579770000003,
            "avg": 55.14577046979867
        },
        "checks": {
            "passes": 2979,
            "fails": 1,
            "value": 0.9996644295302013
        },
        "http_req_duration{expected_response:true}": {
            "med": 1074.5268,
            "max": 11896.1955,
            "p(90)": 1798.4149000000002,
            "p(95)": 2147.6685499999994,
            "p(99)": 3300.9159799999884,
            "avg": 1141.4719320913057,
            "min": 336.7752
        },
        "iterations": {
            "rate": 88.01071131704042,
            "count": 2980
        }
    },
    "root_group": {
        "name": "",
        "path": "",
        "id": "d41d8cd98f00b204e9800998ecf8427e",
        "groups": {},
        "checks": {
                "post status is 200": {
                    "name": "post status is 200",
                    "path": "::post status is 200",
                    "id": "1504cfaf2d796e0392f20e365675baf3",
                    "passes": 638,
                    "fails": 0
                },
                "sync status is 200": {
                    "name": "sync status is 200",
                    "path": "::sync status is 200",
                    "id": "e71464e1d2d6ee4f291cbb42bbcbb5bd",
                    "passes": 296,
                    "fails": 0
                },
                "get status is 200": {
                    "name": "get status is 200",
                    "path": "::get status is 200",
                    "id": "46c14443ccfc46895452edbdd9a45435",
                    "passes": 2045,
                    "fails": 1
                }
            }
    }
}