{
    "root_group": {
        "name": "",
        "path": "",
        "id": "d41d8cd98f00b204e9800998ecf8427e",
        "groups": {},
        "checks": {
                "status is 200": {
                    "id": "6210a8cd14cd70477eba5c5e4cb3fb5f",
                    "passes": 3726,
                    "fails": 0,
                    "name": "status is 200",
                    "path": "::status is 200"
                },
                "synced records": {
                    "name": "synced records",
                    "path": "::synced records",
                    "id": "a31d382c0ed938d5b2109f5c9bbc33b9",
                    "passes": 3726,
                    "fails": 0
                }
            }
    },
    "metrics": {
        "http_req_tls_handshaking": {
            "p(99)": 867.8484500000001,
            "avg": 31.350728878153515,
            "min": 0,
            "med": 0,
            "max": 1400.7557,
            "p(90)": 0,
            "p(95)": 223.92669999999998
        },
        "http_req_receiving": {
            "avg": 0.8633294417606024,
            "min": 0,
            "med": 0.5145,
            "max": 99.2886,
            "p(90)": 2.02665,
            "p(95)": 3.01675,
            "p(99)": 5.9237
        },
        "data_received": {
            "rate": 96519.96608570834,
            "count": 1544716
        },
        "http_req_blocked": {
            "avg": 41.57968086419752,
            "min": 0,
            "med": 0,
            "max": 1561.8022,
            "p(90)": 0,
            "p(95)": 341.05255,
            "p(99)": 1084.23275
        },
        "http_req_sending": {
            "avg": 0.06641776704240475,
            "min": 0,
            "med": 0,
            "max": 1.0071,
            "p(90)": 0.35475,
            "p(95)": 0.4617,
            "p(99)": 0.611875
        },
        "http_req_duration{expected_response:true}": {
            "avg": 897.9670566827679,
            "min": 327.2885,
            "med": 868.1839500000001,
            "max": 1945.4368,
            "p(90)": 1060.6511,
            "p(95)": 1108.2858,
            "p(99)": 1407.151425
        },
        "http_req_waiting": {
            "max": 1945.4368,
            "p(90)": 1059.7289,
            "p(95)": 1107.68245,
            "p(99)": 1405.300425,
            "avg": 897.0373094739678,
            "min": 326.5301,
            "med": 867.0688
        },
        "checks": {
            "passes": 7452,
            "fails": 0,
            "value": 1
        },
        "http_reqs": {
            "count": 3726,
            "rate": 232.8152188721741
        },
        "vus": {
            "value": 6,
            "min": 6,
            "max": 250
        },
        "data_sent": {
            "count": 7788973,
            "rate": 486685.84374247305
        },
        "iteration_duration": {
            "avg": 1040.1504509393467,
            "min": 427.9078,
            "med": 971.97785,
            "max": 2539.0711,
            "p(90)": 1198.24605,
            "p(95)": 1503.6204500000001,
            "p(99)": 2120.85385
        },
        "http_req_failed": {
            "passes": 0,
            "fails": 3726,
            "thresholds": {
                "rate<0.01": false
            },
            "value": 0
        },
        "http_req_connecting": {
            "p(99)": 186.898475,
            "avg": 9.210246994095549,
            "min": 0,
            "med": 0,
            "max": 205.4235,
            "p(90)": 0,
            "p(95)": 102.64995
        },
        "iterations": {
            "count": 3726,
            "rate": 232.8152188721741
        },
        "http_req_duration": {
            "avg": 897.9670566827679,
            "min": 327.2885,
            "med": 868.1839500000001,
            "max": 1945.4368,
            "p(90)": 1060.6511,
            "p(95)": 1108.2858,
            "p(99)": 1407.151425,
            "thresholds": {
                "p(95)<500": true,
                "p(99)<1500": false
            }
        },
        "vus_max": {
            "value": 250,
            "min": 250,
            "max": 250
        }
    }
}