{
    "root_group": {
        "name": "",
        "path": "",
        "id": "d41d8cd98f00b204e9800998ecf8427e",
        "groups": {},
        "checks": {}
    },
    "metrics": {
        "iterations": {
            "rate": 233.499757164747,
            "count": 9871
        },
        "http_req_failed": {
            "passes": 0,
            "fails": 9871,
            "thresholds": {
                "rate<0.10": false
            },
            "value": 0
        },
        "http_req_duration{expected_response:true}": {
            "p(99)": 3156.993189999997,
            "avg": 863.6455617465316,
            "min": 292.6682,
            "med": 607.7565,
            "max": 11275.6852,
            "p(90)": 1809.0579,
            "p(95)": 2204.00695
        },
        "http_req_waiting": {
            "p(90)": 1180.6652,
            "p(95)": 1588.6886,
            "p(99)": 2250.464089999998,
            "avg": 652.2468839327327,
            "min": 276.6697,
            "med": 551.1726,
            "max": 9191.353
        },
        "http_req_blocked": {
            "avg": 48.29169378988958,
            "min": 0,
            "med": 0,
            "max": 7892.8033,
            "p(90)": 0,
            "p(95)": 127.9285,
            "p(99)": 1632.164959999986
        },
        "http_req_connecting": {
            "p(90)": 0,
            "p(95)": 61.054,
            "p(99)": 397.55819999999875,
            "avg": 18.407063509269587,
            "min": 0,
            "med": 0,
            "max": 3362.5269
        },
        "http_req_sending": {
            "avg": 0.05538419613007804,
            "min": 0,
            "med": 0,
            "max": 1.2873,
            "p(90)": 0.3288,
            "p(95)": 0.45625,
            "p(99)": 0.6232
        },
        "data_received": {
            "rate": 2322929.1280642888,
            "count": 98199817
        },
        "http_reqs": {
            "count": 9871,
            "rate": 233.499757164747
        },
        "http_req_receiving": {
            "p(95)": 1186.5117,
            "p(99)": 2021.847719999994,
            "avg": 211.34329361766805,
            "min": 0,
            "med": 11.9564,
            "max": 10679.3658,
            "p(90)": 778.2743
        },
        "http_req_duration": {
            "p(99)": 3156.993189999997,
            "avg": 863.6455617465316,
            "min": 292.6682,
            "med": 607.7565,
            "max": 11275.6852,
            "p(90)": 1809.0579,
            "p(95)": 2204.00695
        },
        "http_req_tls_handshaking": {
            "max": 7290.8691,
            "p(90)": 0,
            "p(95)": 66.1478,
            "p(99)": 746.7151499999604,
            "avg": 29.875457663863862,
            "min": 0,
            "med": 0
        },
        "vus_max": {
            "value": 500,
            "min": 500,
            "max": 500
        },
        "data_sent": {
            "rate": 86103.83381503174,
            "count": 3639965
        },
        "iteration_duration": {
            "min": 345.9822,
            "med": 669.739,
            "max": 12161.9271,
            "p(90)": 1948.7257,
            "p(95)": 2427.1763499999997,
            "p(99)": 3718.4545899999866,
            "avg": 962.5845175970019
        },
        "vus": {
            "value": 1,
            "min": 1,
            "max": 499
        }
    }
}