{
    "metrics": {
        "data_sent": {
            "count": 457673,
            "rate": 43643.705525517995
        },
        "iteration_duration": {
            "p(95)": 623.623,
            "p(99)": 653.4884740000001,
            "avg": 460.5432950672644,
            "min": 427.0677,
            "med": 443.6845,
            "max": 814.9621,
            "p(90)": 486.30846
        },
        "http_reqs": {
            "count": 223,
            "rate": 21.265284017607577
        },
        "http_req_blocked": {
            "avg": 7.41085201793722,
            "min": 0,
            "med": 0,
            "max": 167.5725,
            "p(90)": 0,
            "p(95)": 0,
            "p(99)": 165.5298
        },
        "http_req_sending": {
            "p(95)": 0.5842,
            "p(99)": 0.76137,
            "avg": 0.17531390134529157,
            "min": 0,
            "med": 0,
            "max": 0.9189,
            "p(90)": 0.5359200000000001
        },
        "http_req_failed": {
            "fails": 223,
            "passes": 0,
            "thresholds": {
                "rate<0.01": false
            },
            "value": 0
        },
        "checks": {
            "passes": 446,
            "fails": 0,
            "value": 1
        },
        "data_received": {
            "rate": 7425.68460291974,
            "count": 77870
        },
        "vus": {
            "max": 10,
            "value": 10,
            "min": 10
        },
        "http_req_duration{expected_response:true}": {
            "min": 326.3381,
            "med": 342.5825,
            "max": 714.648,
            "p(90)": 363.28926,
            "p(95)": 404.43309999999957,
            "p(99)": 547.5279160000001,
            "avg": 352.37000941704054
        },
        "http_req_waiting": {
            "max": 712.9048,
            "p(90)": 362.46186,
            "p(95)": 404.43309999999957,
            "p(99)": 547.1244800000001,
            "avg": 351.44122780269066,
            "min": 326.0053,
            "med": 342.1746
        },
        "http_req_tls_handshaking": {
            "p(90)": 0,
            "p(95)": 0,
            "p(99)": 83.20436,
            "avg": 3.5998134529147983,
            "min": 0,
            "med": 0,
            "max": 86.1763
        },
        "http_req_receiving": {
            "p(95)": 2.959399999999997,
            "p(99)": 5.097200000000001,
            "avg": 0.7534677130044843,
            "min": 0,
            "med": 0.3943,
            "max": 7.6171,
            "p(90)": 1.9782600000000001
        },
        "http_req_connecting": {
            "min": 0,
            "med": 0,
            "max": 72.4907,
            "p(90)": 0,
            "p(95)": 0,
            "p(99)": 71.8919,
            "avg": 3.0247452914798205
        },
        "iterations": {
            "count": 223,
            "rate": 21.265284017607577
        },
        "vus_max": {
            "value": 10,
            "min": 10,
            "max": 10
        },
        "http_req_duration": {
            "avg": 352.37000941704054,
            "min": 326.3381,
            "med": 342.5825,
            "max": 714.648,
            "p(90)": 363.28926,
            "p(95)": 404.43309999999957,
            "p(99)": 547.5279160000001,
            "thresholds": {
                "p(95)<500": false,
                "p(99)<1500": false
            }
        }
    },
    "root_group": {
        "name": "",
        "path": "",
        "id": "d41d8cd98f00b204e9800998ecf8427e",
        "groups": {},
        "checks": {
                "status is 200": {
                    "fails": 0,
                    "name": "status is 200",
                    "path": "::status is 200",
                    "id": "6210a8cd14cd70477eba5c5e4cb3fb5f",
                    "passes": 223
                },
                "synced records": {
                    "id": "a31d382c0ed938d5b2109f5c9bbc33b9",
                    "passes": 223,
                    "fails": 0,
                    "name": "synced records",
                    "path": "::synced records"
                }
            }
    }
}