{
    "metrics": {
        "data_received": {
            "count": 761039,
            "rate": 72651.2302010484
        },
        "iteration_duration": {
            "p(95)": 671.3791699999996,
            "p(99)": 1000.6185689999994,
            "avg": 472.00276095194107,
            "min": 425.5815,
            "med": 445.8944,
            "max": 1081.821,
            "p(90)": 479.35675
        },
        "iterations": {
            "count": 2164,
            "rate": 206.5823987404965
        },
        "vus": {
            "min": 100,
            "max": 100,
            "value": 100
        },
        "http_req_sending": {
            "med": 0,
            "max": 0.9821,
            "p(90)": 0.5171,
            "p(95)": 0.5888649999999999,
            "p(99)": 0.7375029999999987,
            "avg": 0.1173075323475046,
            "min": 0
        },
        "http_req_duration{expected_response:true}": {
            "min": 325.0995,
            "med": 345.4106,
            "max": 749.1652,
            "p(90)": 378.92331,
            "p(95)": 484.24876499999965,
            "p(99)": 649.395185,
            "avg": 361.1163074861366
        },
        "vus_max": {
            "max": 100,
            "value": 100,
            "min": 100
        },
        "http_req_receiving": {
            "min": 0,
            "med": 0.5029,
            "max": 85.9504,
            "p(90)": 2.04626,
            "p(95)": 3.06703,
            "p(99)": 8.393336999999999,
            "avg": 1.1228195933456535
        },
        "http_reqs": {
            "count": 2164,
            "rate": 206.5823987404965
        },
        "http_req_tls_handshaking": {
            "max": 173.0257,
            "p(90)": 0,
            "p(95)": 0,
            "p(99)": 153.42231799999996,
            "avg": 5.6202689926062845,
            "min": 0,
            "med": 0
        },
        "http_req_duration": {
            "max": 749.1652,
            "p(90)": 378.92331,
            "p(95)": 484.24876499999965,
            "p(99)": 649.395185,
            "avg": 361.1163074861366,
            "min": 325.0995,
            "med": 345.4106,
            "thresholds": {
                "p(95)<500": false,
                "p(99)<1500": false
            }
        },
        "http_req_failed": {
            "fails": 2164,
            "passes": 0,
            "thresholds": {
                "rate<0.01": false
            },
            "value": 0
        },
        "http_req_blocked": {
            "med": 0,
            "max": 295.111,
            "p(90)": 0,
            "p(95)": 0,
            "p(99)": 269.6709499999999,
            "avg": 10.298596580406656,
            "min": 0
        },
        "checks": {
            "passes": 4328,
            "fails": 0,
            "value": 1
        },
        "http_req_waiting": {
            "med": 344.31565,
            "max": 749.1652,
            "p(90)": 377.68905,
            "p(95)": 482.91635499999967,
            "p(99)": 648.4371439999998,
            "avg": 359.8761803604431,
            "min": 323.2385
        },
        "data_sent": {
            "count": 4446582,
            "rate": 424485.01652325067
        },
        "http_req_connecting": {
            "avg": 3.9222451940850265,
            "min": 0,
            "med": 0,
            "max": 106.0511,
            "p(90)": 0,
            "p(95)": 0,
            "p(99)": 96.9945
        }
    },
    "root_group": {
        "checks": {
            "status is 200": {
                "fails": 0,
                "name": "status is 200",
                "path": "::status is 200",
                "id": "6210a8cd14cd70477eba5c5e4cb3fb5f",
                "passes": 2164
            },
            "synced records": {
                "name": "synced records",
                "path": "::synced records",
                "id": "a31d382c0ed938d5b2109f5c9bbc33b9",
                "passes": 2164,
                "fails": 0
            }
        },
        "name": "",
        "path": "",
        "id": "d41d8cd98f00b204e9800998ecf8427e",
        "groups": {}
    }
}