{
    "metrics": {
        "data_received": {
            "count": 90711165,
            "rate": 1536541.613829918
        },
        "vus": {
            "value": 1,
            "min": 1,
            "max": 499
        },
        "http_req_connecting": {
            "min": 0,
            "med": 0,
            "max": 2446.3247,
            "p(90)": 0,
            "p(95)": 68.10453999999999,
            "p(99)": 417.01486400000186,
            "avg": 20.347091781577493
        },
        "http_req_blocked": {
            "min": 0,
            "med": 0,
            "max": 8711.1364,
            "p(90)": 0,
            "p(95)": 144.33617999999905,
            "p(99)": 1701.6988160000049,
            "avg": 57.24696807501377
        },
        "http_req_sending": {
            "p(99)": 0.62,
            "avg": 0.05558122448979587,
            "min": 0,
            "med": 0,
            "max": 1.5054,
            "p(90)": 0.32986000000000004,
            "p(95)": 0.4482399999999994
        },
        "http_req_failed": {
            "passes": 1,
            "fails": 9064,
            "thresholds": {
                "rate<0.10": false
            },
            "value": 0.00011031439602868175
        },
        "http_req_receiving": {
            "avg": 261.420405945946,
            "min": 0,
            "med": 11.8324,
            "max": 12123.9739,
            "p(90)": 857.5299200000006,
            "p(95)": 1289.7227799999998,
            "p(99)": 2881.5321120000017
        },
        "iteration_duration": {
            "avg": 1050.4128496414805,
            "min": 347.1968,
            "med": 696.6224,
            "max": 33301.864,
            "p(90)": 2040.7325800000006,
            "p(95)": 2644.0201999999986,
            "p(99)": 4730.992808000025
        },
        "iterations": {
            "count": 9065,
            "rate": 153.55055498811205
        },
        "http_reqs": {
            "count": 9065,
            "rate": 153.55055498811205
        },
        "http_req_duration{expected_response:true}": {
            "avg": 938.9649569947046,
            "min": 296.8063,
            "med": 632.45925,
            "max": 12739.906,
            "p(90)": 1882.69397,
            "p(95)": 2409.3721750000013,
            "p(99)": 4194.036233000003
        },
        "data_sent": {
            "count": 3406686,
            "rate": 57705.297955899776
        },
        "http_req_tls_handshaking": {
            "avg": 37.019150413678986,
            "min": 0,
            "med": 0,
            "max": 8018.5868,
            "p(90)": 0,
            "p(95)": 73.15267999999965,
            "p(99)": 830.228984000011
        },
        "http_req_waiting": {
            "p(99)": 2471.1046640000036,
            "avg": 677.3853884721426,
            "min": 0,
            "med": 561.0342,
            "max": 9353.4687,
            "p(90)": 1247.4100799999999,
            "p(95)": 1662.6459199999993
        },
        "vus_max": {
            "value": 500,
            "min": 500,
            "max": 500
        },
        "http_req_duration": {
            "med": 632.4271,
            "max": 12739.906,
            "p(90)": 1882.68876,
            "p(95)": 2409.177699999997,
            "p(99)": 4193.997424000002,
            "avg": 938.8613756425816,
            "min": 0
        }
    },
    "root_group": {
        "checks": {},
        "name": "",
        "path": "",
        "id": "d41d8cd98f00b204e9800998ecf8427e",
        "groups": {}
    }
}