{
    "root_group": {
        "name": "",
        "path": "",
        "id": "d41d8cd98f00b204e9800998ecf8427e",
        "groups": {},
        "checks": {
                "status is 200": {
                    "name": "status is 200",
                    "path": "::status is 200",
                    "id": "6210a8cd14cd70477eba5c5e4cb3fb5f",
                    "passes": 1040,
                    "fails": 0
                },
                "synced records": {
                    "passes": 1040,
                    "fails": 0,
                    "name": "synced records",
                    "path": "::synced records",
                    "id": "a31d382c0ed938d5b2109f5c9bbc33b9"
                }
            }
    },
    "metrics": {
        "data_received": {
            "count": 371062,
            "rate": 35085.64639437782
        },
        "iterations": {
            "count": 1040,
            "rate": 98.33686082151483
        },
        "http_reqs": {
            "count": 1040,
            "rate": 98.33686082151483
        },
        "http_req_waiting": {
            "max": 845.2898,
            "p(90)": 418.87442999999996,
            "p(95)": 443.363995,
            "p(99)": 638.5596099999995,
            "avg": 382.6412016346146,
            "min": 323.0989,
            "med": 376.45259999999996
        },
        "http_req_failed": {
            "fails": 1040,
            "passes": 0,
            "thresholds": {
                "rate<0.01": false
            },
            "value": 0
        },
        "http_req_sending": {
            "min": 0,
            "med": 0,
            "max": 0.7686,
            "p(90)": 0.4980500000000001,
            "p(95)": 0.532205,
            "p(99)": 0.6422719999999995,
            "avg": 0.1259219230769231
        },
        "http_req_tls_handshaking": {
            "avg": 4.754169134615385,
            "min": 0,
            "med": 0,
            "max": 121.6423,
            "p(90)": 0,
            "p(95)": 0,
            "p(99)": 111.4203
        },
        "http_req_receiving": {
            "med": 0.3703,
            "max": 467.2858,
            "p(90)": 2.711150000000001,
            "p(95)": 4.176545,
            "p(99)": 12.225104999999967,
            "avg": 1.6920438461538463,
            "min": 0
        },
        "data_sent": {
            "count": 2140024,
            "rate": 202349.27138721294
        },
        "checks": {
            "passes": 2080,
            "fails": 0,
            "value": 1
        },
        "http_req_duration{expected_response:true}": {
            "p(95)": 445.93717499999997,
            "p(99)": 642.6144589999998,
            "avg": 384.45916740384587,
            "min": 325.3932,
            "med": 377.62850000000003,
            "max": 905.4246,
            "p(90)": 419.49346
        },
        "http_req_blocked": {
            "p(90)": 0,
            "p(95)": 0,
            "p(99)": 216.6078839999999,
            "avg": 9.590901923076924,
            "min": 0,
            "med": 0,
            "max": 228.7422
        },
        "vus": {
            "value": 50,
            "min": 50,
            "max": 50
        },
        "vus_max": {
            "value": 50,
            "min": 50,
            "max": 50
        },
        "iteration_duration": {
            "avg": 494.7549490384617,
            "min": 427.5244,
            "med": 478.951,
            "max": 1006.0026,
            "p(90)": 538.66732,
            "p(95)": 672.7831149999997,
            "p(99)": 798.1831269999983
        },
        "http_req_duration": {
            "min": 325.3932,
            "med": 377.62850000000003,
            "max": 905.4246,
            "p(90)": 419.49346,
            "p(95)": 445.93717499999997,
            "p(99)": 642.6144589999998,
            "avg": 384.45916740384587,
            "thresholds": {
                "p(95)<500": false,
                "p(99)<1500": false
            }
        },
        "http_req_connecting": {
            "avg": 3.696506923076924,
            "min": 0,
            "med": 0,
            "max": 87.7703,
            "p(90)": 0,
            "p(95)": 0,
            "p(99)": 80.934
        }
    }
}