{
    "root_group": {
        "path": "",
        "id": "d41d8cd98f00b204e9800998ecf8427e",
        "groups": {},
        "checks": {
                "status is 200": {
                    "name": "status is 200",
                    "path": "::status is 200",
                    "id": "6210a8cd14cd70477eba5c5e4cb3fb5f",
                    "passes": 1096,
                    "fails": 0
                },
                "synced records": {
                    "name": "synced records",
                    "path": "::synced records",
                    "id": "a31d382c0ed938d5b2109f5c9bbc33b9",
                    "passes": 1096,
                    "fails": 0
                }
            },
        "name": ""
    },
    "metrics": {
        "http_req_receiving": {
            "p(90)": 1.8891499999999999,
            "p(95)": 3.0203249999999997,
            "p(99)": 6.0056,
            "avg": 0.9473461678832117,
            "min": 0,
            "med": 0,
            "max": 145.4036
        },
        "http_req_waiting": {
            "avg": 353.57319343065706,
            "min": 322.1929,
            "med": 343.28535,
            "max": 707.7304,
            "p(90)": 382.03345,
            "p(95)": 431.71865,
            "p(99)": 543.1982699999999
        },
        "http_req_sending": {
            "med": 0,
            "max": 1.0436,
            "p(90)": 0.5354,
            "p(95)": 0.6324,
            "p(99)": 0.7941399999999996,
            "avg": 0.14793722627737227,
            "min": 0
        },
        "iteration_duration": {
            "med": 444.96709999999996,
            "max": 954.4677,
            "p(90)": 495.12915,
            "p(95)": 628.73705,
            "p(99)": 753.21879,
            "avg": 464.05181751824813,
            "min": 423.442
        },
        "http_req_failed": {
            "passes": 0,
            "fails": 1096,
            "thresholds": {
                "rate<0.01": false
            },
            "value": 0
        },
        "checks": {
            "passes": 2192,
            "fails": 0,
            "value": 1
        },
        "iterations": {
            "count": 1096,
            "rate": 105.28587747882437
        },
        "vus_max": {
            "value": 50,
            "min": 50,
            "max": 50
        },
        "http_req_duration{expected_response:true}": {
            "p(90)": 383.47605,
            "p(95)": 434.01105,
            "p(99)": 553.72479,
            "avg": 354.668476824818,
            "min": 323.0004,
            "med": 344.15745,
            "max": 708.8682
        },
        "http_req_blocked": {
            "max": 223.8636,
            "p(90)": 0,
            "p(95)": 0,
            "p(99)": 204.59972999999997,
            "avg": 8.713891605839418,
            "min": 0,
            "med": 0
        },
        "data_sent": {
            "count": 2250840,
            "rate": 216224.1464091579
        },
        "http_req_connecting": {
            "max": 92.3461,
            "p(90)": 0,
            "p(95)": 0,
            "p(99)": 78.77250999999998,
            "avg": 3.4059107664233594,
            "min": 0,
            "med": 0
        },
        "http_req_tls_handshaking": {
            "p(99)": 101.68808999999997,
            "avg": 4.306648996350366,
            "min": 0,
            "med": 0,
            "max": 109.7542,
            "p(90)": 0,
            "p(95)": 0
        },
        "vus": {
            "value": 50,
            "min": 50,
            "max": 50
        },
        "http_req_duration": {
            "med": 344.15745,
            "max": 708.8682,
            "p(90)": 383.47605,
            "p(95)": 434.01105,
            "p(99)": 553.72479,
            "avg": 354.668476824818,
            "min": 323.0004,
            "thresholds": {
                "p(95)<500": false,
                "p(99)<1500": false
            }
        },
        "http_reqs": {
            "count": 1096,
            "rate": 105.28587747882437
        },
        "data_received": {
            "count": 382983,
            "rate": 36790.78577962828
        }
    }
}