{
    "metrics": {
        "http_req_connecting": {
            "min": 0,
            "med": 0,
            "max": 2398.6412,
            "p(90)": 145.7527,
            "p(95)": 243.9415,
            "p(99)": 317.1639,
            "avg": 28.223006144121342
        },
        "http_req_waiting": {
            "med": 1835.5176,
            "max": 4904.1471,
            "p(90)": 1923.81684,
            "p(95)": 1981.81398,
            "p(99)": 2755.6908080000003,
            "avg": 1669.7803860429847,
            "min": 329.6407
        },
        "http_req_receiving": {
            "med": 0.5131,
            "max": 3360.1591,
            "p(90)": 2.33926,
            "p(95)": 3.738879999999996,
            "p(99)": 504.98492600000014,
            "avg": 15.150684222503159,
            "min": 0
        },
        "http_req_duration": {
            "p(99)": 3214.4196020000013,
            "avg": 1685.0309115549944,
            "min": 329.7061,
            "med": 1838.3676,
            "max": 4904.9019,
            "p(90)": 1928.0151,
            "p(95)": 1994.3431899999998,
            "thresholds": {
                "p(95)<500": true,
                "p(99)<1500": true
            }
        },
        "vus": {
            "value": 7,
            "min": 7,
            "max": 500
        },
        "data_sent": {
            "rate": 498664.2099223099,
            "count": 8675265
        },
        "vus_max": {
            "value": 500,
            "min": 500,
            "max": 500
        },
        "http_req_duration{expected_response:true}": {
            "avg": 1685.0309115549944,
            "min": 329.7061,
            "med": 1838.3676,
            "max": 4904.9019,
            "p(90)": 1928.0151,
            "p(95)": 1994.3431899999998,
            "p(99)": 3214.4196020000013
        },
        "http_req_blocked": {
            "avg": 231.75947785082178,
            "min": 0,
            "med": 0,
            "max": 7333.7319,
            "p(90)": 608.94428,
            "p(95)": 1553.5209099999997,
            "p(99)": 4391.880246000002
        },
        "http_req_failed": {
            "passes": 0,
            "fails": 3955,
            "thresholds": {
                "rate<0.01": false
            },
            "value": 0
        },
        "http_reqs": {
            "rate": 227.33794878228338,
            "count": 3955
        },
        "checks": {
            "fails": 0,
            "passes": 7910,
            "value": 1
        },
        "http_req_sending": {
            "p(95)": 0.5337299999999999,
            "p(99)": 0.6637280000000001,
            "avg": 0.09984128950695309,
            "min": 0,
            "med": 0,
            "max": 1.0029,
            "p(90)": 0.45431999999999995
        },
        "data_received": {
            "rate": 128265.62269401792,
            "count": 2231438
        },
        "iterations": {
            "count": 3955,
            "rate": 227.33794878228338
        },
        "iteration_duration": {
            "avg": 2017.3968319089797,
            "min": 430.1758,
            "med": 1954.2857,
            "max": 9714.5094,
            "p(90)": 2382.87952,
            "p(95)": 3389.9479499999993,
            "p(99)": 6319.9006060000065
        },
        "http_req_tls_handshaking": {
            "med": 0,
            "max": 6961.5169,
            "p(90)": 327.5943799999999,
            "p(95)": 1278.5929699999983,
            "p(99)": 4011.206212000002,
            "avg": 196.46147565107466,
            "min": 0
        }
    },
    "root_group": {
        "name": "",
        "path": "",
        "id": "d41d8cd98f00b204e9800998ecf8427e",
        "groups": {},
        "checks": {
                "status is 200": {
                    "name": "status is 200",
                    "path": "::status is 200",
                    "id": "6210a8cd14cd70477eba5c5e4cb3fb5f",
                    "passes": 3955,
                    "fails": 0
                },
                "synced records": {
                    "name": "synced records",
                    "path": "::synced records",
                    "id": "a31d382c0ed938d5b2109f5c9bbc33b9",
                    "passes": 3955,
                    "fails": 0
                }
            }
    }
}