{
    "root_group": {
        "name": "",
        "path": "",
        "id": "d41d8cd98f00b204e9800998ecf8427e",
        "groups": {},
        "checks": {
                "status is 200": {
                    "name": "status is 200",
                    "path": "::status is 200",
                    "id": "6210a8cd14cd70477eba5c5e4cb3fb5f",
                    "passes": 2202,
                    "fails": 0
                },
                "synced records": {
                    "passes": 2202,
                    "fails": 0,
                    "name": "synced records",
                    "path": "::synced records",
                    "id": "a31d382c0ed938d5b2109f5c9bbc33b9"
                }
            }
    },
    "metrics": {
        "iteration_duration": {
            "min": 421.4259,
            "med": 442.14925000000005,
            "max": 1156.8724,
            "p(90)": 468.81093000000004,
            "p(95)": 640.7279899999991,
            "p(99)": 935.2076979999985,
            "avg": 464.85136303360514
        },
        "http_req_blocked": {
            "p(90)": 0,
            "p(95)": 0,
            "p(99)": 260.1032689999995,
            "avg": 10.147657538601273,
            "min": 0,
            "med": 0,
            "max": 297.9896
        },
        "http_req_sending": {
            "avg": 0.1228626702997275,
            "min": 0,
            "med": 0,
            "max": 1.0432,
            "p(90)": 0.52534,
            "p(95)": 0.6015249999999998,
            "p(99)": 0.7278909999999998
        },
        "data_sent": {
            "count": 4521430,
            "rate": 432842.29790271615
        },
        "iterations": {
            "count": 2202,
            "rate": 210.80028663095104
        },
        "data_received": {
            "count": 769430,
            "rate": 73658.52159057796
        },
        "http_req_duration{expected_response:true}": {
            "max": 912.8807,
            "p(90)": 368.35795,
            "p(95)": 455.59562999999974,
            "p(99)": 588.3982379999994,
            "avg": 354.1431597184376,
            "min": 320.6148,
            "med": 341.67065
        },
        "http_req_tls_handshaking": {
            "max": 186.4196,
            "p(90)": 0,
            "p(95)": 0,
            "p(99)": 145.3264,
            "avg": 5.511789736603086,
            "min": 0,
            "med": 0
        },
        "checks": {
            "passes": 4404,
            "fails": 0,
            "value": 1
        },
        "http_req_duration": {
            "min": 320.6148,
            "med": 341.67065,
            "max": 912.8807,
            "p(90)": 368.35795,
            "p(95)": 455.59562999999974,
            "p(99)": 588.3982379999994,
            "avg": 354.1431597184376,
            "thresholds": {
                "p(95)<500": false,
                "p(99)<1500": false
            }
        },
        "http_reqs": {
            "count": 2202,
            "rate": 210.80028663095104
        },
        "http_req_failed": {
            "passes": 0,
            "fails": 2202,
            "thresholds": {
                "rate<0.01": false
            },
            "value": 0
        },
        "vus_max": {
            "min": 100,
            "max": 100,
            "value": 100
        },
        "http_req_waiting": {
            "p(90)": 367.4683,
            "p(95)": 454.1869099999999,
            "p(99)": 587.8699289999995,
            "avg": 353.27060999091765,
            "min": 319.4863,
            "med": 340.62055,
            "max": 912.8807
        },
        "vus": {
            "value": 100,
            "min": 100,
            "max": 100
        },
        "http_req_connecting": {
            "p(95)": 0,
            "p(99)": 96.7115,
            "avg": 3.8821442779291555,
            "min": 0,
            "med": 0,
            "max": 107.6959,
            "p(90)": 0
        },
        "http_req_receiving": {
            "p(99)": 5.176465999999955,
            "avg": 0.7496870572207092,
            "min": 0,
            "med": 0.50245,
            "max": 14.7401,
            "p(90)": 2.01486,
            "p(95)": 2.9316899999999935
        }
    }
}