{
    "root_group": {
        "id": "d41d8cd98f00b204e9800998ecf8427e",
        "groups": {},
        "checks": {
                "status is 200": {
                    "path": "::status is 200",
                    "id": "6210a8cd14cd70477eba5c5e4cb3fb5f",
                    "passes": 1100,
                    "fails": 0,
                    "name": "status is 200"
                },
                "synced records": {
                    "name": "synced records",
                    "path": "::synced records",
                    "id": "a31d382c0ed938d5b2109f5c9bbc33b9",
                    "passes": 1100,
                    "fails": 0
                }
            },
        "name": "",
        "path": ""
    },
    "metrics": {
        "http_req_tls_handshaking": {
            "avg": 4.257329818181818,
            "min": 0,
            "med": 0,
            "max": 104.9142,
            "p(90)": 0,
            "p(95)": 0,
            "p(99)": 97.817911
        },
        "checks": {
            "passes": 2200,
            "fails": 0,
            "value": 1
        },
        "data_sent": {
            "count": 2258676,
            "rate": 215019.52317479
        },
        "http_req_failed": {
            "passes": 0,
            "fails": 1100,
            "thresholds": {
                "rate<0.01": false
            },
            "value": 0
        },
        "iteration_duration": {
            "max": 858.0343,
            "p(90)": 482.76368,
            "p(95)": 637.5462399999999,
            "p(99)": 803.8205019999999,
            "avg": 463.1680795454544,
            "min": 422.0733,
            "med": 443.1499
        },
        "vus_max": {
            "max": 50,
            "value": 50,
            "min": 50
        },
        "http_req_connecting": {
            "avg": 3.370145090909091,
            "min": 0,
            "med": 0,
            "max": 94.1518,
            "p(90)": 0,
            "p(95)": 0,
            "p(99)": 79.8072
        },
        "http_req_sending": {
            "avg": 0.1084531818181818,
            "min": 0,
            "med": 0,
            "max": 0.8491,
            "p(90)": 0.42603,
            "p(95)": 0.51222,
            "p(99)": 0.595739
        },
        "http_req_duration": {
            "p(95)": 433.93523999999974,
            "p(99)": 559.6584959999999,
            "avg": 354.2066000909092,
            "min": 321.2969,
            "med": 342.3795,
            "max": 757.4829,
            "p(90)": 372.87356,
            "thresholds": {
                "p(95)<500": false,
                "p(99)<1500": false
            }
        },
        "http_reqs": {
            "rate": 104.71686753313402,
            "count": 1100
        },
        "vus": {
            "value": 50,
            "min": 50,
            "max": 50
        },
        "http_req_blocked": {
            "max": 209.1445,
            "p(90)": 0,
            "p(95)": 0,
            "p(99)": 193.7135,
            "avg": 8.291184363636363,
            "min": 0,
            "med": 0
        },
        "data_received": {
            "count": 384736,
            "rate": 36625.771588388954
        },
        "http_req_duration{expected_response:true}": {
            "med": 342.3795,
            "max": 757.4829,
            "p(90)": 372.87356,
            "p(95)": 433.93523999999974,
            "p(99)": 559.6584959999999,
            "avg": 354.2066000909092,
            "min": 321.2969
        },
        "http_req_waiting": {
            "p(90)": 372.54048,
            "p(95)": 432.1233149999998,
            "p(99)": 550.699082,
            "avg": 353.1238509090908,
            "min": 320.9538,
            "med": 341.77995,
            "max": 731.6727
        },
        "http_req_receiving": {
            "med": 0,
            "max": 199.9214,
            "p(90)": 1.85843,
            "p(95)": 2.9210299999999987,
            "p(99)": 5.773261999999996,
            "avg": 0.9742959999999996,
            "min": 0
        },
        "iterations": {
            "count": 1100,
            "rate": 104.71686753313402
        }
    }
}