{
    "root_group": {
        "path": "",
        "id": "d41d8cd98f00b204e9800998ecf8427e",
        "groups": {},
        "checks": {
                "status is 200": {
                    "name": "status is 200",
                    "path": "::status is 200",
                    "id": "6210a8cd14cd70477eba5c5e4cb3fb5f",
                    "passes": 223,
                    "fails": 0
                },
                "synced records": {
                    "name": "synced records",
                    "path": "::synced records",
                    "id": "a31d382c0ed938d5b2109f5c9bbc33b9",
                    "passes": 223,
                    "fails": 0
                }
            },
        "name": ""
    },
    "metrics": {
        "iteration_duration": {
            "p(99)": 641.649642,
            "avg": 459.1231331838564,
            "min": 426.0102,
            "med": 441.1213,
            "max": 771.4258,
            "p(90)": 486.33060000000006,
            "p(95)": 624.5455
        },
        "http_req_duration": {
            "avg": 350.4531677130044,
            "min": 325.4644,
            "med": 340.5707,
            "max": 671.2011,
            "p(90)": 359.94370000000004,
            "p(95)": 392.33443999999986,
            "p(99)": 541.198322,
            "thresholds": {
                "p(95)<500": false,
                "p(99)<1500": false
            }
        },
        "iterations": {
            "count": 223,
            "rate": 21.367105138508045
        },
        "data_sent": {
            "count": 457733,
            "rate": 43858.426620469516
        },
        "data_received": {
            "count": 77856,
            "rate": 7459.898375173463
        },
        "http_req_receiving": {
            "med": 0.5792,
            "max": 7.5396,
            "p(90)": 2.7284,
            "p(95)": 3.606439999999992,
            "p(99)": 5.957562,
            "avg": 0.9400336322869958,
            "min": 0
        },
        "http_req_connecting": {
            "min": 0,
            "med": 0,
            "max": 66.6589,
            "p(90)": 0,
            "p(95)": 0,
            "p(99)": 65.050952,
            "avg": 2.896459641255605
        },
        "http_req_tls_handshaking": {
            "min": 0,
            "med": 0,
            "max": 99.3921,
            "p(90)": 0,
            "p(95)": 0,
            "p(99)": 98.348196,
            "avg": 4.383022869955158
        },
        "vus": {
            "value": 10,
            "min": 10,
            "max": 10
        },
        "http_req_duration{expected_response:true}": {
            "p(99)": 541.198322,
            "avg": 350.4531677130044,
            "min": 325.4644,
            "med": 340.5707,
            "max": 671.2011,
            "p(90)": 359.94370000000004,
            "p(95)": 392.33443999999986
        },
        "http_req_waiting": {
            "p(95)": 391.93213999999983,
            "p(99)": 540.6958559999999,
            "avg": 349.3148260089685,
            "min": 325.279,
            "med": 339.4029,
            "max": 670.2534,
            "p(90)": 359.3205
        },
        "vus_max": {
            "value": 10,
            "min": 10,
            "max": 10
        },
        "http_req_failed": {
            "passes": 0,
            "fails": 223,
            "thresholds": {
                "rate<0.01": false
            },
            "value": 0
        },
        "http_reqs": {
            "count": 223,
            "rate": 21.367105138508045
        },
        "http_req_blocked": {
            "p(99)": 177.430706,
            "avg": 7.946978923766817,
            "min": 0,
            "med": 0,
            "max": 177.892,
            "p(90)": 0,
            "p(95)": 0
        },
        "checks": {
            "passes": 446,
            "fails": 0,
            "value": 1
        },
        "http_req_sending": {
            "max": 1.0723,
            "p(90)": 0.50514,
            "p(95)": 0.53559,
            "p(99)": 0.662182,
            "avg": 0.19830807174887904,
            "min": 0,
            "med": 0
        }
    }
}