{
    "metrics": {
        "http_req_connecting": {
            "min": 0,
            "med": 0,
            "max": 1719.3891,
            "p(90)": 0,
            "p(95)": 0,
            "p(99)": 643.2240099999972,
            "avg": 17.423905581732516
        },
        "http_reqs": {
            "count": 11036,
            "rate": 266.519428930684
        },
        "http_req_blocked": {
            "min": 0,
            "med": 0,
            "max": 4706.9819,
            "p(90)": 0,
            "p(95)": 0,
            "p(99)": 1362.9323999999976,
            "avg": 37.01658970641538
        },
        "data_received": {
            "count": 108924725,
            "rate": 2630532.3942942913
        },
        "vus_max": {
            "value": 500,
            "min": 500,
            "max": 500
        },
        "http_req_duration{expected_response:true}": {
            "max": 9241.3763,
            "p(90)": 1185.55855,
            "p(95)": 1380.375,
            "p(99)": 2504.78004,
            "avg": 763.8411834450883,
            "min": 294.6874,
            "med": 672.9287999999999
        },
        "data_sent": {
            "rate": 96516.69297688703,
            "count": 3996550
        },
        "http_req_receiving": {
            "p(90)": 131.1791,
            "p(95)": 289.35435,
            "p(99)": 993.6646049999996,
            "avg": 69.30375760239215,
            "min": 0,
            "med": 7.82715,
            "max": 6094.2948
        },
        "vus": {
            "value": 1,
            "min": 1,
            "max": 499
        },
        "http_req_waiting": {
            "avg": 694.476087921354,
            "min": 290.2282,
            "med": 617.5042000000001,
            "max": 4696.9002,
            "p(90)": 1050.75845,
            "p(95)": 1205.6389,
            "p(99)": 1804.8506349999964
        },
        "iteration_duration": {
            "min": 347.4164,
            "med": 743.95885,
            "max": 9291.9178,
            "p(90)": 1280.4777,
            "p(95)": 1638.472825,
            "p(99)": 3147.0411599999975,
            "avg": 851.5311010329798
        },
        "iterations": {
            "count": 11036,
            "rate": 266.519428930684
        },
        "http_req_duration": {
            "max": 9241.3763,
            "p(90)": 1185.55855,
            "p(95)": 1380.375,
            "p(99)": 2504.78004,
            "avg": 763.8411834450883,
            "min": 294.6874,
            "med": 672.9287999999999
        },
        "http_req_sending": {
            "p(95)": 0.48172499999999996,
            "p(99)": 0.6212599999999998,
            "avg": 0.06133792134831458,
            "min": 0,
            "med": 0,
            "max": 8.5972,
            "p(90)": 0.3505
        },
        "http_req_tls_handshaking": {
            "min": 0,
            "med": 0,
            "max": 3907.6614,
            "p(90)": 0,
            "p(95)": 0,
            "p(99)": 662.9614349999976,
            "avg": 19.578515177600593
        },
        "http_req_failed": {
            "passes": 0,
            "fails": 11036,
            "thresholds": {
                "rate<0.10": false
            },
            "value": 0
        }
    },
    "root_group": {
        "name": "",
        "path": "",
        "id": "d41d8cd98f00b204e9800998ecf8427e",
        "groups": {},
        "checks": {}
    }
}