{
    "root_group": {
        "name": "",
        "path": "",
        "id": "d41d8cd98f00b204e9800998ecf8427e",
        "groups": {},
        "checks": {
                "status is 200": {
                    "name": "status is 200",
                    "path": "::status is 200",
                    "id": "6210a8cd14cd70477eba5c5e4cb3fb5f",
                    "passes": 228,
                    "fails": 0
                },
                "synced records": {
                    "passes": 228,
                    "fails": 0,
                    "name": "synced records",
                    "path": "::synced records",
                    "id": "a31d382c0ed938d5b2109f5c9bbc33b9"
                }
            }
    },
    "metrics": {
        "http_reqs": {
            "count": 228,
            "rate": 21.96536574347455
        },
        "iteration_duration": {
            "avg": 451.9526513157892,
            "min": 425.2694,
            "med": 440.6944,
            "max": 688.6542,
            "p(90)": 459.90897,
            "p(95)": 589.1769249999984,
            "p(99)": 626.0899
        },
        "http_req_duration{expected_response:true}": {
            "med": 340.06025,
            "max": 588.1307,
            "p(90)": 352.76497,
            "p(95)": 360.48014,
            "p(99)": 434.4716359999997,
            "avg": 343.838607017544,
            "min": 324.8024
        },
        "http_req_connecting": {
            "p(90)": 0,
            "p(95)": 0,
            "p(99)": 65.2379,
            "avg": 2.8025570175438594,
            "min": 0,
            "med": 0,
            "max": 65.9561
        },
        "iterations": {
            "count": 228,
            "rate": 21.96536574347455
        },
        "http_req_sending": {
            "avg": 0.1750583333333333,
            "min": 0,
            "med": 0,
            "max": 1.5921,
            "p(90)": 0.46202000000000015,
            "p(95)": 0.52107,
            "p(99)": 0.6688619999999992
        },
        "data_received": {
            "count": 78432,
            "rate": 7556.085815755245
        },
        "http_req_waiting": {
            "med": 339.4194,
            "max": 582.2519,
            "p(90)": 351.1296,
            "p(95)": 358.534665,
            "p(99)": 433.5994249999997,
            "avg": 342.9205429824563,
            "min": 323.4587
        },
        "http_req_duration": {
            "p(99)": 434.4716359999997,
            "avg": 343.838607017544,
            "min": 324.8024,
            "med": 340.06025,
            "max": 588.1307,
            "p(90)": 352.76497,
            "p(95)": 360.48014,
            "thresholds": {
                "p(95)<500": false,
                "p(99)<1500": false
            }
        },
        "vus_max": {
            "value": 10,
            "min": 10,
            "max": 10
        },
        "checks": {
            "passes": 456,
            "fails": 0,
            "value": 1
        },
        "vus": {
            "min": 10,
            "max": 10,
            "value": 10
        },
        "http_req_tls_handshaking": {
            "max": 91.7739,
            "p(90)": 0,
            "p(95)": 0,
            "p(99)": 89.97158,
            "avg": 3.8935675438596493,
            "min": 0,
            "med": 0
        },
        "data_sent": {
            "count": 467427,
            "rate": 45031.600935855604
        },
        "http_req_failed": {
            "passes": 0,
            "fails": 228,
            "thresholds": {
                "rate<0.01": false
            },
            "value": 0
        },
        "http_req_blocked": {
            "avg": 7.492763596491229,
            "min": 0,
            "med": 0,
            "max": 171.6902,
            "p(90)": 0,
            "p(95)": 0,
            "p(99)": 171.023239
        },
        "http_req_receiving": {
            "med": 0.4064,
            "max": 7.8006,
            "p(90)": 1.9692400000000005,
            "p(95)": 2.922499999999994,
            "p(99)": 5.938878999999999,
            "avg": 0.7430057017543858,
            "min": 0
        }
    }
}