{
    "root_group": {
        "name": "",
        "path": "",
        "id": "d41d8cd98f00b204e9800998ecf8427e",
        "groups": {},
        "checks": {
                "status is 200": {
                    "name": "status is 200",
                    "path": "::status is 200",
                    "id": "6210a8cd14cd70477eba5c5e4cb3fb5f",
                    "passes": 2152,
                    "fails": 0
                },
                "synced records": {
                    "fails": 0,
                    "name": "synced records",
                    "path": "::synced records",
                    "id": "a31d382c0ed938d5b2109f5c9bbc33b9",
                    "passes": 2152
                }
            }
    },
    "metrics": {
        "data_sent": {
            "count": 4422880,
            "rate": 412444.0592997068
        },
        "http_req_failed": {
            "fails": 2152,
            "passes": 0,
            "thresholds": {
                "rate<0.01": false
            },
            "value": 0
        },
        "vus": {
            "value": 100,
            "min": 100,
            "max": 100
        },
        "http_reqs": {
            "count": 2152,
            "rate": 200.67910854759091
        },
        "iteration_duration": {
            "max": 1121.7058,
            "p(90)": 501.05247,
            "p(95)": 672.5207999999998,
            "p(99)": 1036.8887639999982,
            "avg": 475.69080715613427,
            "min": 421.2366,
            "med": 446.9108
        },
        "http_req_receiving": {
            "med": 0.4193,
            "max": 18.6124,
            "p(90)": 1.9904100000000005,
            "p(95)": 3.0278699999999974,
            "p(99)": 6.081158999999944,
            "avg": 0.7505376858736069,
            "min": 0
        },
        "http_req_waiting": {
            "avg": 363.4643902881044,
            "min": 317.7445,
            "med": 345.08475,
            "max": 825.5196,
            "p(90)": 398.18234000000007,
            "p(95)": 488.24603499999984,
            "p(99)": 670.1395749999996
        },
        "data_received": {
            "count": 757325,
            "rate": 70622.354033831
        },
        "iterations": {
            "count": 2152,
            "rate": 200.67910854759091
        },
        "http_req_connecting": {
            "p(99)": 97.9933,
            "avg": 3.902205157992567,
            "min": 0,
            "med": 0,
            "max": 104.2408,
            "p(90)": 0,
            "p(95)": 0
        },
        "http_req_sending": {
            "avg": 0.1263068773234201,
            "min": 0,
            "med": 0,
            "max": 1.0155,
            "p(90)": 0.5272100000000001,
            "p(95)": 0.5943699999999988,
            "p(99)": 0.7276369999999996
        },
        "checks": {
            "fails": 0,
            "passes": 4304,
            "value": 1
        },
        "http_req_blocked": {
            "avg": 10.713456830855018,
            "min": 0,
            "med": 0,
            "max": 305.9978,
            "p(90)": 0,
            "p(95)": 0,
            "p(99)": 272.599196
        },
        "http_req_duration{expected_response:true}": {
            "min": 317.7445,
            "med": 346.26145,
            "max": 825.5196,
            "p(90)": 399.029,
            "p(95)": 489.0824199999997,
            "p(99)": 670.3968739999995,
            "avg": 364.34123485130084
        },
        "vus_max": {
            "max": 100,
            "value": 100,
            "min": 100
        },
        "http_req_duration": {
            "min": 317.7445,
            "med": 346.26145,
            "max": 825.5196,
            "p(90)": 399.029,
            "p(95)": 489.0824199999997,
            "p(99)": 670.3968739999995,
            "avg": 364.34123485130084,
            "thresholds": {
                "p(95)<500": false,
                "p(99)<1500": false
            }
        },
        "http_req_tls_handshaking": {
            "avg": 5.985937360594796,
            "min": 0,
            "med": 0,
            "max": 183.4461,
            "p(90)": 0,
            "p(95)": 0,
            "p(99)": 157.0779419999999
        }
    }
}