{
    "root_group": {
        "id": "d41d8cd98f00b204e9800998ecf8427e",
        "groups": {},
        "checks": {
                "status is 200": {
                    "path": "::status is 200",
                    "id": "6210a8cd14cd70477eba5c5e4cb3fb5f",
                    "passes": 3920,
                    "fails": 0,
                    "name": "status is 200"
                },
                "synced records": {
                    "name": "synced records",
                    "path": "::synced records",
                    "id": "a31d382c0ed938d5b2109f5c9bbc33b9",
                    "passes": 3920,
                    "fails": 0
                }
            },
        "name": "",
        "path": ""
    },
    "metrics": {
        "http_req_duration{expected_response:true}": {
            "min": 328.5461,
            "med": 1837.3134,
            "max": 4444.8371,
            "p(90)": 2046.39239,
            "p(95)": 2067.962635,
            "p(99)": 3077.6958549999977,
            "avg": 1725.2753362500002
        },
        "http_req_connecting": {
            "max": 321.9028,
            "p(90)": 118.75599999999993,
            "p(95)": 224.8835749999997,
            "p(99)": 306.59547899999995,
            "avg": 24.96451206632654,
            "min": 0,
            "med": 0
        },
        "http_req_receiving": {
            "p(95)": 3.4491949999999965,
            "p(99)": 1156.5437829999983,
            "avg": 17.939933826530677,
            "min": 0,
            "med": 0.51395,
            "max": 2898.3083,
            "p(90)": 2.3268199999999992
        },
        "http_req_blocked": {
            "avg": 213.0358889540817,
            "min": 0,
            "med": 0,
            "max": 7390.5341,
            "p(90)": 655.8597499999997,
            "p(95)": 1425.072209999999,
            "p(99)": 3857.887497999994
        },
        "http_req_duration": {
            "avg": 1725.2753362500002,
            "min": 328.5461,
            "med": 1837.3134,
            "max": 4444.8371,
            "p(90)": 2046.39239,
            "p(95)": 2067.962635,
            "p(99)": 3077.6958549999977,
            "thresholds": {
                "p(95)<500": true,
                "p(99)<1500": true
            }
        },
        "http_req_failed": {
            "passes": 0,
            "fails": 3920,
            "thresholds": {
                "rate<0.01": false
            },
            "value": 0
        },
        "vus_max": {
            "value": 500,
            "min": 500,
            "max": 500
        },
        "http_req_tls_handshaking": {
            "avg": 185.7797507142857,
            "min": 0,
            "med": 0,
            "max": 7054.7053,
            "p(90)": 359.789,
            "p(95)": 1213.8947499999997,
            "p(99)": 3554.0369319999986
        },
        "http_req_waiting": {
            "p(95)": 2063.14093,
            "p(99)": 2935.978727999999,
            "avg": 1707.2291984183662,
            "min": 328.5461,
            "med": 1833.7374,
            "max": 4443.8307,
            "p(90)": 2039.8198599999998
        },
        "data_received": {
            "count": 2220687,
            "rate": 130860.45789253876
        },
        "checks": {
            "passes": 7840,
            "fails": 0,
            "value": 1
        },
        "http_reqs": {
            "count": 3920,
            "rate": 230.9974322985418
        },
        "data_sent": {
            "count": 8606494,
            "rate": 507162.7589522465
        },
        "iteration_duration": {
            "avg": 2038.9692413775506,
            "min": 428.9895,
            "med": 1952.2717499999999,
            "max": 9289.8987,
            "p(90)": 2343.81565,
            "p(95)": 3470.4508249999967,
            "p(99)": 5607.6935379999995
        },
        "vus": {
            "value": 255,
            "min": 255,
            "max": 500
        },
        "http_req_sending": {
            "p(90)": 0.50482,
            "p(95)": 0.5395,
            "p(99)": 0.682262,
            "avg": 0.10620400510204081,
            "min": 0,
            "med": 0,
            "max": 1.0037
        },
        "iterations": {
            "count": 3920,
            "rate": 230.9974322985418
        }
    }
}