{
    "root_group": {
        "path": "",
        "id": "d41d8cd98f00b204e9800998ecf8427e",
        "groups": {},
        "checks": {
                "status is 200": {
                    "passes": 3878,
                    "fails": 0,
                    "name": "status is 200",
                    "path": "::status is 200",
                    "id": "6210a8cd14cd70477eba5c5e4cb3fb5f"
                },
                "synced records": {
                    "fails": 0,
                    "name": "synced records",
                    "path": "::synced records",
                    "id": "a31d382c0ed938d5b2109f5c9bbc33b9",
                    "passes": 3878
                }
            },
        "name": ""
    },
    "metrics": {
        "http_req_duration{expected_response:true}": {
            "max": 4304.9891,
            "p(90)": 2000.96514,
            "p(95)": 2053.509405,
            "p(99)": 3157.642579000001,
            "avg": 1763.6976208097012,
            "min": 329.3921,
            "med": 1902.32195
        },
        "http_req_connecting": {
            "min": 0,
            "med": 0,
            "max": 329.7958,
            "p(90)": 130.3690600000001,
            "p(95)": 240.27484499999986,
            "p(99)": 310.605,
            "avg": 25.914681897885487
        },
        "http_req_waiting": {
            "med": 1901.42255,
            "max": 4304.9891,
            "p(90)": 1999.72724,
            "p(95)": 2049.849774999999,
            "p(99)": 3157.642579000001,
            "avg": 1759.6162848891197,
            "min": 328.4608
        },
        "vus": {
            "max": 500,
            "value": 5,
            "min": 5
        },
        "http_req_sending": {
            "p(95)": 0.5164449999999998,
            "p(99)": 0.6110840000000001,
            "avg": 0.09003751933986588,
            "min": 0,
            "med": 0,
            "max": 1.0098,
            "p(90)": 0.4186500000000001
        },
        "data_sent": {
            "count": 8524091,
            "rate": 501744.75992673077
        },
        "iteration_duration": {
            "min": 430.0613,
            "med": 2011.86375,
            "max": 8660.3569,
            "p(90)": 2244.649370000001,
            "p(95)": 3507.504299999993,
            "p(99)": 5375.2763939999995,
            "avg": 2061.8558162970594
        },
        "http_req_receiving": {
            "med": 0.516,
            "max": 1797.0664,
            "p(90)": 2.0416900000000013,
            "p(95)": 3.0448099999999867,
            "p(99)": 7.003789000000004,
            "avg": 3.9912984012377466,
            "min": 0
        },
        "data_received": {
            "count": 2211687,
            "rate": 130184.24637278877
        },
        "checks": {
            "passes": 7756,
            "fails": 0,
            "value": 1
        },
        "http_reqs": {
            "count": 3878,
            "rate": 228.26670656095317
        },
        "http_req_tls_handshaking": {
            "max": 6251.4586,
            "p(90)": 338.1031700000001,
            "p(95)": 1243.8923249999996,
            "p(99)": 3117.226405,
            "avg": 170.20281333161435,
            "min": 0,
            "med": 0
        },
        "vus_max": {
            "value": 500,
            "min": 500,
            "max": 500
        },
        "iterations": {
            "count": 3878,
            "rate": 228.26670656095317
        },
        "http_req_duration": {
            "p(90)": 2000.96514,
            "p(95)": 2053.509405,
            "p(99)": 3157.642579000001,
            "avg": 1763.6976208097012,
            "min": 329.3921,
            "med": 1902.32195,
            "max": 4304.9891,
            "thresholds": {
                "p(95)<500": true,
                "p(99)<1500": true
            }
        },
        "http_req_blocked": {
            "p(95)": 1528.365444999997,
            "p(99)": 3365.861113,
            "avg": 197.47168599793704,
            "min": 0,
            "med": 0,
            "max": 6585.2457,
            "p(90)": 601.0905800000002
        },
        "http_req_failed": {
            "passes": 0,
            "fails": 3878,
            "thresholds": {
                "rate<0.01": false
            },
            "value": 0
        }
    }
}