{
    "root_group": {
        "name": "",
        "path": "",
        "id": "d41d8cd98f00b204e9800998ecf8427e",
        "groups": {},
        "checks": {}
    },
    "metrics": {
        "http_req_sending": {
            "p(95)": 0.3375,
            "p(99)": 0.55175,
            "avg": 0.030866435534117186,
            "min": 0,
            "med": 0,
            "max": 1.2026,
            "p(90)": 0
        },
        "http_req_waiting": {
            "med": 555.4803,
            "max": 6711.8996,
            "p(90)": 1157.913,
            "p(95)": 1538.5881,
            "p(99)": 2157.63515,
            "avg": 654.1184955883826,
            "min": 290.8748
        },
        "http_req_receiving": {
            "p(99)": 1808.3953,
            "avg": 205.0819286001407,
            "min": 0,
            "med": 10.3532,
            "max": 8231.6897,
            "p(90)": 748.3332,
            "p(95)": 1108.1293500000002
        },
        "vus": {
            "value": 1,
            "min": 1,
            "max": 499
        },
        "http_req_tls_handshaking": {
            "p(95)": 63.83800000000001,
            "p(99)": 413.6078,
            "avg": 27.895884946236542,
            "min": 0,
            "med": 0,
            "max": 8180.4875,
            "p(90)": 0
        },
        "iteration_duration": {
            "med": 686.2593,
            "max": 11849.6521,
            "p(90)": 1874.3386,
            "p(95)": 2287.03195,
            "p(99)": 3430.2111,
            "avg": 954.9613594613575,
            "min": 347.6265
        },
        "http_req_blocked": {
            "min": 0,
            "med": 0,
            "max": 9440.4683,
            "p(90)": 0,
            "p(95)": 125.45385,
            "p(99)": 1332.8996,
            "avg": 45.13762049040295
        },
        "vus_max": {
            "max": 500,
            "value": 500,
            "min": 500
        },
        "data_received": {
            "count": 97791045,
            "rate": 2211208.253596299
        },
        "data_sent": {
            "count": 3682423,
            "rate": 83265.33509108982
        },
        "http_req_duration{expected_response:true}": {
            "avg": 859.2312906240563,
            "min": 296.9934,
            "med": 623.2249,
            "max": 8879.2351,
            "p(90)": 1755.3115,
            "p(95)": 2119.90855,
            "p(99)": 2940.16355
        },
        "http_req_connecting": {
            "avg": 17.23378644357352,
            "min": 0,
            "med": 0,
            "max": 3404.2954,
            "p(90)": 0,
            "p(95)": 59.7834,
            "p(99)": 380.8278
        },
        "http_req_duration": {
            "p(99)": 2940.16355,
            "avg": 859.2312906240563,
            "min": 296.9934,
            "med": 623.2249,
            "max": 8879.2351,
            "p(90)": 1755.3115,
            "p(95)": 2119.90855
        },
        "http_req_failed": {
            "passes": 0,
            "fails": 9951,
            "thresholds": {
                "rate<0.10": false
            },
            "value": 0
        },
        "http_reqs": {
            "count": 9951,
            "rate": 225.00765107415273
        },
        "iterations": {
            "count": 9951,
            "rate": 225.00765107415273
        }
    }
}