{
    "root_group": {
        "name": "",
        "path": "",
        "id": "d41d8cd98f00b204e9800998ecf8427e",
        "groups": {},
        "checks": {
                "status is 200": {
                    "id": "6210a8cd14cd70477eba5c5e4cb3fb5f",
                    "passes": 3865,
                    "fails": 0,
                    "name": "status is 200",
                    "path": "::status is 200"
                },
                "synced records": {
                    "path": "::synced records",
                    "id": "a31d382c0ed938d5b2109f5c9bbc33b9",
                    "passes": 3865,
                    "fails": 0,
                    "name": "synced records"
                }
            }
    },
    "metrics": {
        "http_req_connecting": {
            "min": 0,
            "med": 0,
            "max": 176.8,
            "p(90)": 0,
            "p(95)": 92.6634,
            "p(99)": 157.9876,
            "avg": 7.8993222250970305
        },
        "vus_max": {
            "value": 250,
            "min": 250,
            "max": 250
        },
        "http_req_failed": {
            "passes": 0,
            "fails": 3865,
            "thresholds": {
                "rate<0.01": false
            },
            "value": 0
        },
        "http_req_tls_handshaking": {
            "med": 0,
            "max": 1290.1195,
            "p(90)": 0,
            "p(95)": 182.96243999999993,
            "p(99)": 651.1920360000236,
            "avg": 22.491462975420436,
            "min": 0
        },
        "checks": {
            "passes": 7730,
            "fails": 0,
            "value": 1
        },
        "http_req_duration{expected_response:true}": {
            "p(90)": 939.53318,
            "p(95)": 999.9252599999999,
            "p(99)": 1390.7605800000001,
            "avg": 870.3819978007757,
            "min": 324.8314,
            "med": 872.5018,
            "max": 2004.9054
        },
        "http_req_sending": {
            "max": 1.0186,
            "p(90)": 0.52262,
            "p(95)": 0.5781,
            "p(99)": 0.7210400000000002,
            "avg": 0.12075141009055644,
            "min": 0,
            "med": 0
        },
        "data_received": {
            "rate": 98930.963328647,
            "count": 1581217
        },
        "iterations": {
            "count": 3865,
            "rate": 241.81891117109205
        },
        "http_req_waiting": {
            "p(90)": 938.02374,
            "p(95)": 998.3447599999995,
            "p(99)": 1390.089096,
            "avg": 869.2222532988351,
            "min": 324.3272,
            "med": 871.667,
            "max": 2004.9054
        },
        "data_sent": {
            "count": 8063619,
            "rate": 504511.14273700654
        },
        "http_req_duration": {
            "avg": 870.3819978007757,
            "min": 324.8314,
            "med": 872.5018,
            "max": 2004.9054,
            "p(90)": 939.53318,
            "p(95)": 999.9252599999999,
            "p(99)": 1390.7605800000001,
            "thresholds": {
                "p(95)<500": true,
                "p(99)<1500": false
            }
        },
        "iteration_duration": {
            "p(95)": 1366.0609399999998,
            "p(99)": 1939.5897,
            "avg": 1002.7583095989667,
            "min": 425.8676,
            "med": 975.7859,
            "max": 2574.4084,
            "p(90)": 1057.96658
        },
        "http_req_blocked": {
            "min": 0,
            "med": 0,
            "max": 1473.8158,
            "p(90)": 0,
            "p(95)": 293.7770799999998,
            "p(99)": 827.024052000023,
            "avg": 31.741828589909446
        },
        "http_req_receiving": {
            "max": 904.808,
            "p(90)": 1.9388799999999993,
            "p(95)": 2.832499999999999,
            "p(99)": 6.260320000000017,
            "avg": 1.0389930918499344,
            "min": 0,
            "med": 0.4575
        },
        "http_reqs": {
            "count": 3865,
            "rate": 241.81891117109205
        },
        "vus": {
            "min": 250,
            "max": 250,
            "value": 250
        }
    }
}