{
    "root_group": {
        "name": "",
        "path": "",
        "id": "d41d8cd98f00b204e9800998ecf8427e",
        "groups": {},
        "checks": {}
    },
    "metrics": {
        "data_sent": {
            "count": 3813925,
            "rate": 62978.50850481459
        },
        "iteration_duration": {
            "p(95)": 2250.088525,
            "p(99)": 3592.6211300000427,
            "avg": 908.9235500864888,
            "min": 338.8718,
            "med": 680.60685,
            "max": 31218.5103,
            "p(90)": 1766.5117500000001
        },
        "http_req_failed": {
            "passes": 1,
            "fails": 10405,
            "thresholds": {
                "rate<0.10": false
            },
            "value": 0.00009609840476648087
        },
        "data_received": {
            "count": 102508895,
            "rate": 1692706.9398524212
        },
        "iterations": {
            "count": 10406,
            "rate": 171.8319997118718
        },
        "vus_max": {
            "min": 500,
            "max": 500,
            "value": 500
        },
        "http_reqs": {
            "count": 10406,
            "rate": 171.8319997118718
        },
        "http_req_sending": {
            "p(90)": 0.3003,
            "p(95)": 0.3996,
            "p(99)": 0.6071,
            "avg": 0.044089534883721034,
            "min": 0,
            "med": 0,
            "max": 1.155
        },
        "http_req_duration": {
            "p(95)": 2048.1661750000003,
            "p(99)": 3091.5877050000026,
            "avg": 816.8629563905475,
            "min": 287.8491,
            "med": 620.2813,
            "max": 31167.2603,
            "p(90)": 1628.5725499999999
        },
        "http_req_duration{expected_response:true}": {
            "p(99)": 3087.828891999998,
            "avg": 813.946051311873,
            "min": 287.8491,
            "med": 620.2608,
            "max": 8652.5362,
            "p(90)": 1627.5614600000004,
            "p(95)": 2046.7107999999982
        },
        "http_req_blocked": {
            "med": 0,
            "max": 8088.5651,
            "p(90)": 0,
            "p(95)": 0,
            "p(99)": 1244.1165800000074,
            "avg": 41.46283796847974,
            "min": 0
        },
        "http_req_connecting": {
            "p(95)": 0,
            "p(99)": 381.2939100000001,
            "avg": 18.983317883913134,
            "min": 0,
            "med": 0,
            "max": 7101.3965,
            "p(90)": 0
        },
        "http_req_tls_handshaking": {
            "avg": 22.47235064385931,
            "min": 0,
            "med": 0,
            "max": 7772.3304,
            "p(90)": 0,
            "p(95)": 0,
            "p(99)": 404.9133700000013
        },
        "http_req_receiving": {
            "avg": 158.08226917163213,
            "min": 0,
            "med": 8.560749999999999,
            "max": 30065.9182,
            "p(90)": 490.7158,
            "p(95)": 939.8605,
            "p(99)": 1866.197390000001
        },
        "http_req_waiting": {
            "min": 287.8491,
            "med": 571.9791,
            "max": 5330.6175,
            "p(90)": 1167.7139499999998,
            "p(95)": 1559.5621999999998,
            "p(99)": 2214.1849550000024,
            "avg": 658.7365976840302
        },
        "vus": {
            "value": 1,
            "min": 1,
            "max": 499
        }
    }
}