{
    "root_group": {
        "checks": {
            "status is 200": {
                "name": "status is 200",
                "path": "::status is 200",
                "id": "6210a8cd14cd70477eba5c5e4cb3fb5f",
                "passes": 3799,
                "fails": 0
            },
            "synced records": {
                "id": "a31d382c0ed938d5b2109f5c9bbc33b9",
                "passes": 3799,
                "fails": 0,
                "name": "synced records",
                "path": "::synced records"
            }
        },
        "name": "",
        "path": "",
        "id": "d41d8cd98f00b204e9800998ecf8427e",
        "groups": {}
    },
    "metrics": {
        "iteration_duration": {
            "p(95)": 1347.7627199999997,
            "p(99)": 1874.012376,
            "avg": 1019.0266877072901,
            "min": 425.4393,
            "med": 976.4961,
            "max": 2278.1964,
            "p(90)": 1139.7900200000001
        },
        "http_req_waiting": {
            "avg": 886.6111511187158,
            "min": 324.2024,
            "med": 871.3862,
            "max": 1771.1616,
            "p(90)": 1017.86778,
            "p(95)": 1053.6782899999998,
            "p(99)": 1376.373582
        },
        "checks": {
            "passes": 7598,
            "fails": 0,
            "value": 1
        },
        "http_req_failed": {
            "passes": 0,
            "fails": 3799,
            "thresholds": {
                "rate<0.01": false
            },
            "value": 0
        },
        "http_req_connecting": {
            "avg": 8.280451302974463,
            "min": 0,
            "med": 0,
            "max": 190.844,
            "p(90)": 0,
            "p(95)": 92.3997,
            "p(99)": 165.5794
        },
        "vus": {
            "value": 250,
            "min": 250,
            "max": 250
        },
        "http_req_sending": {
            "avg": 0.07771600421163469,
            "min": 0,
            "med": 0,
            "max": 1.5126,
            "p(90)": 0.3813600000000002,
            "p(95)": 0.50582,
            "p(99)": 0.611004
        },
        "http_req_receiving": {
            "p(90)": 1.8996400000000002,
            "p(95)": 2.6758399999999996,
            "p(99)": 5.881359999999998,
            "avg": 0.7652298762832331,
            "min": 0,
            "med": 0.3467,
            "max": 91.2423
        },
        "http_reqs": {
            "count": 3799,
            "rate": 237.74335682855994
        },
        "data_sent": {
            "count": 7932927,
            "rate": 496446.6160715761
        },
        "iterations": {
            "count": 3799,
            "rate": 237.74335682855994
        },
        "http_req_duration": {
            "med": 872.0645,
            "max": 1773.4639,
            "p(90)": 1019.06792,
            "p(95)": 1055.0846,
            "p(99)": 1377.296296,
            "avg": 887.4540969992095,
            "min": 324.2024,
            "thresholds": {
                "p(95)<500": true,
                "p(99)<1500": false
            }
        },
        "data_received": {
            "count": 1564106,
            "rate": 97882.55090173509
        },
        "http_req_duration{expected_response:true}": {
            "p(95)": 1055.0846,
            "p(99)": 1377.296296,
            "avg": 887.4540969992095,
            "min": 324.2024,
            "med": 872.0645,
            "max": 1773.4639,
            "p(90)": 1019.06792
        },
        "http_req_blocked": {
            "p(90)": 0,
            "p(95)": 290.73425999999995,
            "p(99)": 906.8445279999999,
            "avg": 30.924764306396426,
            "min": 0,
            "med": 0,
            "max": 1350.8278
        },
        "http_req_tls_handshaking": {
            "p(90)": 0,
            "p(95)": 183.1628,
            "p(99)": 733.189708,
            "avg": 21.60453227165044,
            "min": 0,
            "med": 0,
            "max": 1163.867
        },
        "vus_max": {
            "value": 250,
            "min": 250,
            "max": 250
        }
    }
}